period,value
1983-01-07,39506
1983-01-14,39787
1983-01-21,40007
1983-01-28,40933
1983-02-04,42238
1983-02-11,43321
1983-02-18,43314
1983-02-25,43406
1983-03-04,42610
1983-03-11,42356
1983-03-18,41610
1983-03-25,41053
1983-04-01,39995
1983-04-08,39158
1983-04-15,39274
1983-04-29,37095
1983-05-13,35838
1983-05-20,35664
1983-06-03,35180
1983-06-10,34333
1983-06-17,36392
1983-06-24,36427
1983-07-01,38298
1983-07-08,37204
1983-07-15,36528
1983-07-22,37803
1983-07-29,38039
1983-08-05,38423
1983-08-12,39475
1983-08-19,39109
1983-08-26,39187
1983-09-02,38894
1983-09-09,38858
1983-09-16,37847
1983-09-23,37659
1983-09-30,37298
1983-10-07,36838
1983-10-14,36931
1983-10-21,37295
1983-10-28,37071
1983-11-04,37367
1983-11-11,36812
1983-11-18,36995
1983-11-25,36130
1983-12-02,37801
1983-12-09,36147
1983-12-16,36362
1983-12-23,36917
1983-12-30,36389
1984-01-06,36448
1984-01-13,35951
1984-01-20,38062
1984-01-27,37361
1984-02-03,38326
1984-02-10,37995
1984-02-17,39793
1984-02-24,39424
1984-03-02,38975
1984-03-09,38928
1984-03-16,39613
1984-03-23,40330
1984-03-30,39774
1984-04-06,41009
1984-04-13,40256
1984-04-20,39907
1984-04-27,39710
1984-05-04,39548
1984-05-11,40297
1984-05-18,38081
1984-05-25,39383
1984-06-01,41425
1984-06-08,41849
1984-06-15,41913
1984-06-22,41442
1984-06-29,41909
1984-07-06,41026
1984-07-13,39752
1984-07-20,38842
1984-07-27,38350
1984-08-03,37601
1984-08-10,37659
1984-08-17,37177
1984-08-24,36644
1984-08-31,37504
1984-09-07,38152
1984-09-14,38726
1984-09-21,38848
1984-09-28,38845
1984-10-05,37831
1984-10-12,37752
1984-10-19,37617
1984-10-26,36914
1984-11-02,38239
1984-11-09,38316
1984-11-16,38176
1984-11-23,39104
1984-11-30,40698
1984-12-07,40364
1984-12-14,39399
1984-12-21,38960
1984-12-28,38721
1985-01-04,37116
1985-01-11,36072
1985-01-18,35093
1985-01-25,35730
1985-02-01,35555
1985-02-08,35790
1985-02-15,36546
1985-02-22,36935
1985-03-01,35887
1985-03-08,35472
1985-03-15,35930
1985-03-22,34998
1985-03-29,35051
1985-04-05,33199
1985-04-12,33480
1985-04-19,32265
1985-04-26,32418
1985-05-03,32918
1985-05-10,33894
1985-05-17,32942
1985-05-24,33017
1985-05-31,34782
1985-06-07,35048
1985-06-14,34107
1985-06-21,34215
1985-06-28,33318
1985-07-05,32934
1985-07-12,34821
1985-07-19,35087
1985-07-26,34618
1985-08-02,34755
1985-08-09,35202
1985-08-16,34869
1985-08-23,35472
1985-08-30,34634
1985-09-06,34715
1985-09-13,35118
1985-09-20,35148
1985-09-27,34640
1985-10-04,35441
1985-10-11,34423
1985-10-18,34715
1985-10-25,33532
1985-11-01,34498
1985-11-08,35309
1985-11-15,33685
1985-11-22,33473
1985-11-29,33200
1985-12-06,34536
1985-12-13,33677
1986-01-03,35025
1986-01-10,36722
1986-01-17,37717
1986-01-24,38606
1986-01-31,38153
1986-02-07,39020
1986-02-14,39397
1986-02-21,38742
1986-02-28,37952
1986-03-07,38175
1986-03-14,36745
1986-03-21,36682
1986-03-28,34580
1986-04-04,34915
1986-04-11,33954
1986-04-18,34641
1986-04-25,34196
1986-05-02,33349
1986-05-09,33955
1986-05-16,34735
1986-05-23,33850
1986-05-30,34412
1986-06-06,34156
1986-06-13,34796
1986-06-20,34431
1986-06-27,34834
1986-07-04,34694
1986-07-11,35407
1986-07-18,34729
1986-07-25,35344
1986-08-01,35043
1986-08-08,35312
1986-08-15,35403
1986-08-22,35912
1986-08-29,34726
1986-09-05,35234
1986-09-12,36444
1986-09-19,37119
1986-09-26,39019
1986-10-03,39322
1986-10-10,38973
1986-10-17,37618
1986-10-24,37911
1986-10-31,37193
1986-11-07,37561
1986-11-14,37686
1986-11-21,36207
1986-11-28,37211
1986-12-05,38120
1986-12-12,38286
1986-12-19,36965
1986-12-26,37162
1987-01-02,38670
1987-01-09,39232
1987-01-16,37986
1987-01-23,38384
1987-01-30,39581
1987-02-06,40626
1987-02-13,41303
1987-02-20,41992
1987-02-27,41264
1987-03-06,43278
1987-03-13,43523
1987-03-20,42842
1987-03-27,42276
1987-04-03,42444
1987-04-10,41327
1987-04-17,42431
1987-04-24,41969
1987-05-01,40375
1987-05-08,39117
1987-05-15,38802
1987-05-22,38229
1987-05-29,37883
1987-06-05,38639
1987-06-12,38971
1987-06-19,38727
1987-06-26,38795
1987-07-03,38635
1987-07-10,38300
1987-07-17,38683
1987-07-24,38487
1987-07-31,38694
1987-08-07,39582
1987-08-14,39601
1987-08-21,39457
1987-08-28,37949
1987-09-04,38840
1987-09-11,39841
1987-09-18,39614
1987-09-25,38958
1987-10-02,39236
1987-10-09,38868
1987-10-16,38992
1987-10-23,36499
1987-10-30,37361
1987-11-06,36512
1987-11-13,36632
1987-11-20,36765
1987-11-27,36362
1987-12-04,37317
1987-12-11,37016
1987-12-18,37336
1987-12-25,37816
1988-01-01,37805
1988-01-08,38515
1988-01-15,39566
1988-01-22,40557
1988-01-29,39241
1988-02-05,40274
1988-02-12,40202
1988-02-19,40332
1988-02-26,40351
1988-03-04,38476
1988-03-11,38845
1988-03-18,38892
1988-03-25,37139
1988-04-01,36726
1988-04-08,38015
1988-04-15,37959
1988-04-22,37118
1988-04-29,36317
1988-05-06,35244
1988-05-13,35706
1988-05-20,36593
1988-05-27,35929
1988-06-03,35715
1988-06-10,36322
1988-06-17,35935
1988-06-24,35591
1988-07-01,35061
1988-07-08,34739
1988-07-15,36471
1988-07-22,35525
1988-07-29,36197
1988-08-05,35393
1988-08-12,36073
1988-08-19,36603
1988-08-26,37102
1988-09-02,36234
1988-09-09,38034
1988-09-16,37248
1988-09-23,36925
1988-09-30,38312
1988-10-07,37899
1988-10-14,38629
1988-10-21,37607
1988-10-28,37089
1988-11-04,36040
1988-11-11,35647
1988-11-18,36234
1988-11-25,36196
1988-12-02,36630
1988-12-09,37205
1988-12-16,37781
1988-12-23,38373
1988-12-30,38780
1989-01-06,38629
1989-01-13,40421
1989-01-20,41513
1989-01-27,41592
1989-02-03,42312
1989-02-10,42297
1989-02-17,43299
1989-02-24,42745
1989-03-03,42246
1989-03-10,41238
1989-03-17,39430
1989-03-24,38603
1989-03-31,39534
1989-04-07,39060
1989-04-14,37581
1989-04-21,37575
1989-04-28,37541
1989-05-05,37711
1989-05-12,39335
1989-05-19,37955
1989-05-26,38387
1989-06-02,38133
1989-06-09,37984
1989-06-16,38021
1989-06-23,38615
1989-06-30,37414
1989-07-07,36921
1989-07-14,37649
1989-07-21,38039
1989-07-28,39620
1989-08-04,39035
1989-08-11,38447
1989-08-18,37770
1989-08-25,39186
1989-09-01,38874
1989-09-08,38636
1989-09-15,39523
1989-09-22,37512
1989-09-29,39751
1989-10-06,41053
1989-10-13,38881
1989-10-20,38282
1989-10-27,38217
1989-11-03,37713
1989-11-10,39061
1989-11-17,37981
1989-11-24,37905
1989-12-01,37587
1989-12-08,37254
1989-12-15,37823
1989-12-22,37255
1989-12-29,36847
1990-01-05,35973
1990-01-12,36781
1990-01-19,38278
1990-01-26,40079
1990-02-02,41100
1990-02-09,42415
1990-02-16,43661
1990-02-23,46344
1990-03-02,45436
1990-03-09,44261
1990-03-16,45275
1990-03-23,44754
1990-03-30,43993
1990-04-06,42134
1990-04-13,42694
1990-04-20,41098
1990-04-27,39627
1990-05-04,39088
1990-05-11,38001
1990-05-18,38168
1990-05-25,38401
1990-06-01,40702
1990-06-08,40306
1990-06-15,40376
1990-06-22,39956
1990-06-29,39277
1990-07-06,38899
1990-07-13,39093
1990-07-20,39032
1990-07-27,39796
1990-08-03,40693
1990-08-10,40194
1990-08-17,39604
1990-08-24,39103
1990-08-31,38455
1990-09-07,38682
1990-09-14,40515
1990-09-21,41086
1990-09-28,41483
1990-10-05,41599
1990-10-12,41339
1990-10-19,40243
1990-10-26,39430
1990-11-02,40441
1990-11-09,40124
1990-11-16,39932
1990-11-23,40082
1990-11-30,40716
1990-12-07,39233
1990-12-14,40207
1990-12-21,38862
1990-12-28,39352
1991-01-04,39628
1991-01-11,38004
1991-01-18,38661
1991-01-25,38724
1991-02-01,38793
1991-02-08,40331
1991-02-15,41259
1991-02-22,42025
1991-03-01,41210
1991-03-08,40916
1991-03-15,40598
1991-03-22,39536
1991-03-29,39703
1991-04-05,38826
1991-04-12,38701
1991-04-19,37614
1991-04-26,37312
1991-05-03,37732
1991-05-10,37641
1991-05-17,38588
1991-05-24,39264
1991-05-31,38560
1991-06-07,39715
1991-06-14,40114
1991-06-21,40754
1991-06-28,40226
1991-07-05,40465
1991-07-12,39827
1991-07-19,39648
1991-07-26,39169
1991-08-02,38989
1991-08-09,39011
1991-08-16,37197
1991-08-23,38350
1991-08-30,37643
1991-09-06,39463
1991-09-13,39105
1991-09-20,39404
1991-09-27,39142
1991-10-04,38762
1991-10-11,38999
1991-10-18,37419
1991-10-25,36709
1991-11-01,37485
1991-11-08,35979
1991-11-15,35605
1991-11-22,35058
1991-11-29,35101
1991-12-06,36488
1991-12-13,38298
1991-12-20,38226
1991-12-27,37035
1992-01-03,37713
1992-01-10,37419
1992-01-17,37879
1992-01-24,37872
1992-01-31,37775
1992-02-07,38273
1992-02-14,39069
1992-02-21,39384
1992-02-28,39795
1992-03-06,38679
1992-03-13,39836
1992-03-20,38831
1992-03-27,38582
1992-04-03,39384
1992-04-10,38383
1992-04-17,38163
1992-04-24,38172
1992-05-01,36298
1992-05-08,36759
1992-05-15,36514
1992-05-22,36861
1992-05-29,37160
1992-06-05,36922
1992-06-12,37667
1992-06-19,38706
1992-06-26,39355
1992-07-03,38574
1992-07-10,37803
1992-07-17,38480
1992-07-24,38293
1992-07-31,38032
1992-08-07,38993
1992-08-14,39293
1992-08-21,37395
1992-08-28,39334
1992-09-04,37787
1992-09-11,40756
1992-09-18,41437
1992-09-25,39797
1992-10-02,39743
1992-10-09,39316
1992-10-16,38772
1992-10-23,39282
1992-10-30,39725
1992-11-06,41810
1992-11-13,40773
1992-11-20,40357
1992-11-27,40137
1992-12-04,37830
1992-12-11,38284
1992-12-18,38165
1992-12-25,39048
1993-01-01,39942
1993-01-08,40839
1993-01-15,41469
1993-01-22,41827
1993-01-29,44169
1993-02-05,42711
1993-02-12,41012
1993-02-19,42195
1993-02-26,42147
1993-03-05,40792
1993-03-12,41748
1993-03-19,41174
1993-03-26,40825
1993-04-02,40308
1993-04-09,39805
1993-04-16,40625
1993-04-23,41144
1993-04-30,40330
1993-05-07,40099
1993-05-14,39724
1993-05-21,37309
1993-05-28,38389
1993-06-04,38248
1993-06-11,37955
1993-06-18,37175
1993-06-25,37549
1993-07-02,37901
1993-07-09,38720
1993-07-16,38260
1993-07-23,37527
1993-07-30,38172
1993-08-06,35685
1993-08-13,36124
1993-08-20,36095
1993-08-27,34364
1993-09-03,35331
1993-09-10,36571
1993-09-17,37843
1993-09-24,37932
1993-10-01,36958
1993-10-08,37649
1993-10-15,36986
1993-10-22,37162
1993-10-29,37744
1993-11-05,37418
1993-11-12,37790
1993-11-19,39752
1993-11-26,38439
1993-12-03,39234
1993-12-10,39190
1993-12-17,38534
1993-12-24,38648
1993-12-31,39379
1994-01-07,41035
1994-01-14,40571
1994-01-21,41102
1994-01-28,41331
1994-02-04,40264
1994-02-11,40925
1994-02-18,40990
1994-02-25,41544
1994-03-04,40488
1994-03-11,40096
1994-03-18,41400
1994-03-25,38748
1994-04-01,37631
1994-04-08,37539
1994-04-15,37819
1994-04-22,38240
1994-04-29,38765
1994-05-06,37924
1994-05-13,37986
1994-05-20,36469
1994-05-27,35349
1994-06-03,36328
1994-06-10,36400
1994-06-17,36416
1994-06-24,34738
1994-07-01,35012
1994-07-08,36510
1994-07-15,36295
1994-07-22,35730
1994-07-29,35033
1994-08-05,34970
1994-08-12,35038
1994-08-19,34737
1994-08-26,36153
1994-09-02,35770
1994-09-09,36517
1994-09-16,37005
1994-09-23,37278
1994-09-30,37612
1994-10-07,37896
1994-10-14,36205
1994-10-21,37447
1994-10-28,37561
1994-11-04,40062
1994-11-11,39699
1994-11-18,39845
1994-11-25,40097
1994-12-02,41462
1994-12-09,39936
1994-12-16,40620
1994-12-23,41628
1994-12-30,40277
1995-01-06,40928
1995-01-13,41030
1995-01-20,41819
1995-01-27,42351
1995-02-03,44135
1995-02-10,44614
1995-02-17,45897
1995-02-24,47024
1995-03-03,45651
1995-03-10,44493
1995-03-17,45448
1995-03-24,45490
1995-03-31,42667
1995-04-07,43821
1995-04-14,41239
1995-04-21,41029
1995-04-28,41345
1995-05-05,41197
1995-05-12,42233
1995-05-19,40150
1995-05-26,39557
1995-06-02,40702
1995-06-09,40853
1995-06-16,42194
1995-06-23,40986
1995-06-30,42090
1995-07-07,41337
1995-07-14,40673
1995-07-21,41603
1995-07-28,41483
1995-08-04,42600
1995-08-11,41933
1995-08-18,41234
1995-08-25,41133
1995-09-01,40775
1995-09-08,42063
1995-09-15,42714
1995-09-22,42205
1995-09-29,42180
1995-10-06,42068
1995-10-13,41207
1995-10-20,41500
1995-10-27,41698
1995-11-03,39962
1995-11-10,39184
1995-11-17,40189
1995-11-24,41263
1995-12-01,40825
1995-12-08,42281
1995-12-15,42148
1995-12-22,43013
1995-12-29,42927
1996-01-05,43289
1996-01-12,43488
1996-01-19,43184
1996-01-26,44965
1996-02-02,45121
1996-02-09,45167
1996-02-16,44234
1996-02-23,44093
1996-03-01,44937
1996-03-08,44016
1996-03-15,44925
1996-03-22,43153
1996-03-29,43312
1996-04-05,42198
1996-04-12,41764
1996-04-19,43552
1996-04-26,44113
1996-05-03,43373
1996-05-10,42130
1996-05-17,40813
1996-05-24,41938
1996-05-31,42456
1996-06-07,42560
1996-06-14,43115
1996-06-21,40864
1996-06-28,41703
1996-07-05,41207
1996-07-12,39230
1996-07-19,38728
1996-07-26,39147
1996-08-02,39715
1996-08-09,40314
1996-08-16,40193
1996-08-23,39428
1996-08-30,38821
1996-09-06,40010
1996-09-13,38357
1996-09-20,37571
1996-09-27,38681
1996-10-04,40300
1996-10-11,39016
1996-10-18,38935
1996-10-25,39203
1996-11-01,39614
1996-11-08,38950
1996-11-15,38286
1996-11-22,36871
1996-11-29,38916
1996-12-06,38431
1996-12-13,37064
1996-12-20,38636
1996-12-27,38535
1997-01-03,40462
1997-01-10,41757
1997-01-17,42522
1997-01-24,43082
1997-01-31,44376
1997-02-07,46821
1997-02-14,45502
1997-02-21,45486
1997-02-28,45069
1997-03-07,44211
1997-03-14,44661
1997-03-21,45499
1997-03-28,45759
1997-04-04,45382
1997-04-11,47239
1997-04-18,46330
1997-04-25,46381
1997-05-02,44762
1997-05-09,45300
1997-05-16,45509
1997-05-23,45382
1997-05-30,45924
1997-06-06,44921
1997-06-13,44236
1997-06-20,44045
1997-06-27,43070
1997-07-04,42553
1997-07-11,42472
1997-07-18,41405
1997-07-25,40937
1997-08-01,40627
1997-08-08,40558
1997-08-15,39409
1997-08-22,39102
1997-08-29,39347
1997-09-05,38502
1997-09-12,39570
1997-09-19,40772
1997-09-26,41405
1997-10-03,41335
1997-10-10,40654
1997-10-17,41115
1997-10-24,40484
1997-10-31,41768
1997-11-07,40723
1997-11-14,40768
1997-11-21,39656
1997-11-28,40536
1997-12-05,41878
1997-12-12,42438
1997-12-19,42259
1997-12-26,43129
1998-01-02,43601
1998-01-09,45145
1998-01-16,45479
1998-01-23,46781
1998-01-30,46515
1998-02-06,47725
1998-02-13,47376
1998-02-20,48471
1998-02-27,48932
1998-03-06,49778
1998-03-13,49847
1998-03-20,50436
1998-03-27,49527
1998-04-03,49990
1998-04-10,48696
1998-04-17,48591
1998-04-24,48940
1998-05-01,49031
1998-05-08,48837
1998-05-15,46937
1998-05-22,48161
1998-05-29,49082
1998-06-05,48700
1998-06-12,47570
1998-06-19,48300
1998-06-26,47299
1998-07-03,46902
1998-07-10,47367
1998-07-17,45061
1998-07-24,46189
1998-07-31,46462
1998-08-07,45285
1998-08-14,45623
1998-08-21,44006
1998-08-28,43896
1998-09-04,43805
1998-09-11,44805
1998-09-18,45008
1998-09-25,45131
1998-10-02,43540
1998-10-09,43020
1998-10-16,42389
1998-10-23,41125
1998-10-30,43210
1998-11-06,43782
1998-11-13,43589
1998-11-20,43677
1998-11-27,43637
1998-12-04,43970
1998-12-11,44536
1998-12-18,43240
1998-12-25,42923
1999-01-01,42973
1999-01-08,44139
1999-01-15,43966
1999-01-22,44958
1999-01-29,45691
1999-02-05,47413
1999-02-12,48858
1999-02-19,50800
1999-02-26,50139
1999-03-05,50187
1999-03-12,49964
1999-03-19,50194
1999-03-26,47764
1999-04-02,47767
1999-04-09,49008
1999-04-16,46815
1999-04-23,48474
1999-04-30,47695
1999-05-07,49557
1999-05-14,49131
1999-05-21,48021
1999-05-28,47744
1999-06-04,47955
1999-06-11,46782
1999-06-18,43763
1999-06-25,44174
1999-07-02,44946
1999-07-09,45087
1999-07-16,43355
1999-07-23,43221
1999-07-30,43194
1999-08-06,43233
1999-08-13,43571
1999-08-20,42679
1999-08-27,42322
1999-09-03,41760
1999-09-10,45009
1999-09-17,45182
1999-09-24,44405
1999-10-01,43946
1999-10-08,44554
1999-10-15,42962
1999-10-22,43379
1999-10-29,42630
1999-11-05,41346
1999-11-12,39753
1999-11-19,39304
1999-11-26,39413
1999-12-03,41269
1999-12-10,41015
1999-12-17,41060
1999-12-24,40340
1999-12-31,40619
2000-01-07,39697
2000-01-14,39063
2000-01-21,42455
2000-01-28,43438
2000-02-04,41278
2000-02-11,43273
2000-02-18,44185
2000-02-25,43921
2000-03-03,45509
2000-03-10,44358
2000-03-17,44687
2000-03-24,46214
2000-03-31,46599
2000-04-07,46496
2000-04-14,46767
2000-04-21,46190
2000-04-28,46350
2000-05-05,44638
2000-05-12,44230
2000-05-19,43602
2000-05-26,43601
2000-06-02,43781
2000-06-09,44339
2000-06-16,45022
2000-06-23,45011
2000-06-30,45501
2000-07-07,44530
2000-07-14,44389
2000-07-21,45208
2000-07-28,43282
2000-08-04,43819
2000-08-11,43939
2000-08-18,43134
2000-08-25,42187
2000-09-01,43574
2000-09-08,42413
2000-09-15,41886
2000-09-22,41491
2000-09-29,40785
2000-10-06,41670
2000-10-13,41007
2000-10-20,40688
2000-10-27,40797
2000-11-03,40992
2000-11-10,40966
2000-11-17,40138
2000-11-24,39851
2000-12-01,39971
2000-12-08,40532
2000-12-15,40994
2000-12-22,40161
2000-12-29,40674
2001-01-05,41819
2001-01-12,45245
2001-01-19,45014
2001-01-26,45739
2001-02-02,47286
2001-02-09,46415
2001-02-16,48482
2001-02-23,48388
2001-03-02,49827
2001-03-09,49224
2001-03-16,49452
2001-03-23,49504
2001-03-30,49569
2001-04-06,49650
2001-04-13,48130
2001-04-20,47799
2001-04-27,49909
2001-05-04,48735
2001-05-11,50536
2001-05-18,50457
2001-05-25,50255
2001-06-01,51864
2001-06-08,53229
2001-06-15,52708
2001-06-22,52965
2001-06-29,52544
2001-07-06,51660
2001-07-13,50305
2001-07-20,47715
2001-07-27,47159
2001-08-03,46424
2001-08-10,45186
2001-08-17,43201
2001-08-24,40866
2001-08-31,43320
2001-09-07,44404
2001-09-14,45366
2001-09-21,45772
2001-09-28,46751
2001-10-05,47157
2001-10-12,47875
2001-10-19,47366
2001-10-26,47167
2001-11-02,45172
2001-11-09,45048
2001-11-16,45856
2001-11-23,48217
2001-11-30,50107
2001-12-07,49777
2001-12-14,49628
2001-12-21,49170
2001-12-28,50234
2002-01-04,48182
2002-01-11,49221
2002-01-18,49840
2002-01-25,50693
2002-02-01,50391
2002-02-08,49804
2002-02-15,50734
2002-02-22,53070
2002-03-01,51841
2002-03-08,51008
2002-03-15,51478
2002-03-22,51000
2002-03-29,52433
2002-04-05,54419
2002-04-12,53349
2002-04-19,50869
2002-04-26,49495
2002-05-03,48193
2002-05-10,49358
2002-05-17,48657
2002-05-24,48966
2002-05-31,47124
2002-06-07,48688
2002-06-14,49090
2002-06-21,48948
2002-06-28,48749
2002-07-05,49089
2002-07-12,47854
2002-07-19,46579
2002-07-26,46740
2002-08-02,49087
2002-08-09,46870
2002-08-16,46455
2002-08-23,45235
2002-08-30,46599
2002-09-06,45156
2002-09-13,47321
2002-09-20,48299
2002-09-27,47925
2002-10-04,46939
2002-10-11,46908
2002-10-18,45332
2002-10-25,45824
2002-11-01,45369
2002-11-08,45748
2002-11-15,44403
2002-11-22,44803
2002-11-29,48040
2002-12-06,48235
2002-12-13,48214
2002-12-20,47622
2002-12-27,47730
2003-01-03,47950
2003-01-10,49707
2003-01-17,51701
2003-01-24,52074
2003-01-31,53901
2003-02-07,53935
2003-02-14,53447
2003-02-21,54278
2003-02-28,52843
2003-03-07,53720
2003-03-14,53993
2003-03-21,54099
2003-03-28,55344
2003-04-04,55888
2003-04-11,57276
2003-04-18,55344
2003-04-25,55717
2003-05-02,57061
2003-05-09,56500
2003-05-16,56065
2003-05-23,54621
2003-05-30,54114
2003-06-06,53431
2003-06-13,53182
2003-06-20,52879
2003-06-27,52876
2003-07-04,54322
2003-07-11,54229
2003-07-18,53317
2003-07-25,53458
2003-08-01,52367
2003-08-08,51581
2003-08-15,50044
2003-08-22,48666
2003-08-29,48961
2003-09-05,48327
2003-09-12,50556
2003-09-19,52171
2003-09-26,51171
2003-10-03,51865
2003-10-10,50964
2003-10-17,50603
2003-10-24,49979
2003-10-31,50640
2003-11-07,52037
2003-11-14,53364
2003-11-21,52536
2003-11-28,54187
2003-12-05,55209
2003-12-12,56127
2003-12-19,57546
2003-12-26,56723
2004-01-02,58110
2004-01-09,59790
2004-01-16,60685
2004-01-23,59527
2004-01-30,59922
2004-02-06,59491
2004-02-13,61393
2004-02-20,60557
2004-02-27,61246
2004-03-05,62151
2004-03-12,63084
2004-03-19,62443
2004-03-26,61977
2004-04-02,61712
2004-04-09,13415
2004-04-09,13294
2004-04-09,16546
2004-04-09,62999
2004-04-16,62601
2004-04-16,13781
2004-04-16,15767
2004-04-16,13594
2004-04-23,13882
2004-04-23,18269
2004-04-23,64795
2004-04-23,13487
2004-04-30,16489
2004-04-30,17316
2004-04-30,68510
2004-04-30,14206
2004-05-07,15914
2004-05-07,14780
2004-05-07,17315
2004-05-07,66176
2004-05-14,13583
2004-05-14,15966
2004-05-14,17857
2004-05-14,66003
2004-05-21,13258
2004-05-21,18522
2004-05-21,64924
2004-05-21,14229
2004-05-28,18271
2004-05-28,66271
2004-05-28,14363
2004-05-28,14751
2004-06-04,13636
2004-06-04,67292
2004-06-04,14950
2004-06-04,19044
2004-06-11,14038
2004-06-11,68260
2004-06-11,15240
2004-06-11,19068
2004-06-18,17987
2004-06-18,68079
2004-06-18,15399
2004-06-18,15010
2004-06-25,15823
2004-06-25,67910
2004-06-25,14080
2004-06-25,18753
2004-07-02,14102
2004-07-02,20938
2004-07-02,14684
2004-07-02,69635
2004-07-09,14923
2004-07-09,15557
2004-07-09,19751
2004-07-09,69347
2004-07-16,16318
2004-07-16,19741
2004-07-16,14287
2004-07-16,69602
2004-07-23,19498
2004-07-23,15839
2004-07-23,14374
2004-07-23,69441
2004-07-30,15850
2004-07-30,71021
2004-07-30,13982
2004-07-30,20197
2004-08-06,16054
2004-08-06,13629
2004-08-06,19900
2004-08-06,71985
2004-08-13,19562
2004-08-13,70932
2004-08-13,14425
2004-08-13,15589
2004-08-20,13779
2004-08-20,15641
2004-08-20,71668
2004-08-20,20304
2004-08-27,15834
2004-08-27,19817
2004-08-27,14384
2004-08-27,72040
2004-09-03,15262
2004-09-03,71090
2004-09-03,19467
2004-09-03,14277
2004-09-10,14993
2004-09-10,14034
2004-09-10,18708
2004-09-10,69814
2004-09-17,68982
2004-09-17,18835
2004-09-17,13820
2004-09-17,14166
2004-09-24,69486
2004-09-24,19937
2004-09-24,13486
2004-09-24,14323
2004-10-01,19207
2004-10-01,68917
2004-10-01,12596
2004-10-01,13613
2004-10-08,13507
2004-10-08,18832
2004-10-08,69618
2004-10-08,13962
2004-10-15,69487
2004-10-15,13591
2004-10-15,19809
2004-10-15,12770
2004-10-22,67710
2004-10-22,12213
2004-10-22,13680
2004-10-22,19166
2004-10-29,13189
2004-10-29,19324
2004-10-29,67665
2004-10-29,13220
2004-11-05,14064
2004-11-05,19030
2004-11-05,66435
2004-11-05,12304
2004-11-12,13500
2004-11-12,18861
2004-11-12,66951
2004-11-12,14354
2004-11-19,10985
2004-11-19,20092
2004-11-19,65922
2004-11-19,13461
2004-11-26,67955
2004-11-26,20123
2004-11-26,14016
2004-11-26,12255
2004-12-03,69149
2004-12-03,20918
2004-12-03,14694
2004-12-03,12845
2004-12-10,69634
2004-12-10,12567
2004-12-10,14335
2004-12-10,21140
2004-12-17,14679
2004-12-17,70469
2004-12-17,20690
2004-12-17,12554
2004-12-24,13601
2004-12-24,13694
2004-12-24,69353
2004-12-24,19697
2004-12-31,13371
2004-12-31,70543
2004-12-31,14168
2004-12-31,20096
2005-01-07,13780
2005-01-07,20222
2005-01-07,71361
2005-01-07,13835
2005-01-14,73085
2005-01-14,13994
2005-01-14,13825
2005-01-14,20447
2005-01-21,19727
2005-01-21,71630
2005-01-21,13965
2005-01-21,13038
2005-01-28,13563
2005-01-28,14042
2005-01-28,72768
2005-01-28,21041
2005-02-04,72674
2005-02-04,14500
2005-02-04,12385
2005-02-04,22040
2005-02-11,14929
2005-02-11,75596
2005-02-11,12896
2005-02-11,23057
2005-02-18,23991
2005-02-18,76869
2005-02-18,13863
2005-02-18,14980
2005-02-25,13414
2005-02-25,15744
2005-02-25,77463
2005-02-25,23827
2005-03-04,23077
2005-03-04,78020
2005-03-04,13924
2005-03-04,17105
2005-03-11,16576
2005-03-11,78583
2005-03-11,14108
2005-03-11,23950
2005-03-18,14024
2005-03-18,15380
2005-03-18,77178
2005-03-18,23586
2005-03-25,77169
2005-03-25,14300
2005-03-25,15008
2005-03-25,24142
2005-04-01,74692
2005-04-01,15610
2005-04-01,14500
2005-04-01,23010
2005-04-08,15024
2005-04-08,16449
2005-04-08,75734
2005-04-08,22779
2005-04-15,15645
2005-04-15,21919
2005-04-15,73676
2005-04-15,15479
2005-04-22,15488
2005-04-22,21377
2005-04-22,73158
2005-04-22,15733
2005-04-29,16542
2005-04-29,15640
2005-04-29,74021
2005-04-29,20761
2005-05-06,15736
2005-05-06,72985
2005-05-06,19653
2005-05-06,16061
2005-05-13,19260
2005-05-13,16154
2005-05-13,72132
2005-05-13,15378
2005-05-20,72060
2005-05-20,19122
2005-05-20,16040
2005-05-20,16117
2005-05-27,20016
2005-05-27,16150
2005-05-27,72351
2005-05-27,14493
2005-06-03,15893
2005-06-03,73858
2005-06-03,14834
2005-06-03,21258
2005-06-10,15746
2005-06-10,74561
2005-06-10,16103
2005-06-10,20427
2005-06-17,75475
2005-06-17,21860
2005-06-17,15655
2005-06-17,15163
2005-06-24,74264
2005-06-24,20701
2005-06-24,14542
2005-06-24,16154
2005-07-01,74093
2005-07-01,14512
2005-07-01,22663
2005-07-01,14458
2005-07-08,13249
2005-07-08,21676
2005-07-08,71902
2005-07-08,14681
2005-07-15,14520
2005-07-15,15860
2005-07-15,74389
2005-07-15,20984
2005-07-22,15469
2005-07-22,19887
2005-07-22,73636
2005-07-22,16356
2005-07-29,14821
2005-07-29,72921
2005-07-29,16810
2005-07-29,19636
2005-08-05,72548
2005-08-05,15216
2005-08-05,19104
2005-08-05,16464
2005-08-12,13939
2005-08-12,19074
2005-08-12,15825
2005-08-12,70538
2005-08-19,19040
2005-08-19,14998
2005-08-19,68949
2005-08-19,13512
2005-08-26,18681
2005-08-26,68919
2005-08-26,15239
2005-08-26,13830
2005-09-02,14392
2005-09-02,19213
2005-09-02,68421
2005-09-02,14142
2005-09-09,14853
2005-09-09,14746
2005-09-09,68582
2005-09-09,18852
2005-09-16,20090
2005-09-16,69405
2005-09-16,14666
2005-09-16,14009
2005-09-23,70556
2005-09-23,14970
2005-09-23,19629
2005-09-23,15354
2005-09-30,69945
2005-09-30,19377
2005-09-30,14239
2005-09-30,15201
2005-10-07,67859
2005-10-07,19421
2005-10-07,13531
2005-10-07,14378
2005-10-14,20282
2005-10-14,13186
2005-10-14,67344
2005-10-14,13363
2005-10-21,20877
2005-10-21,13203
2005-10-21,67551
2005-10-21,12998
2005-10-28,20199
2005-10-28,13033
2005-10-28,12913
2005-10-28,66462
2005-11-04,13902
2005-11-04,70019
2005-11-04,14091
2005-11-04,20060
2005-11-11,14466
2005-11-11,13598
2005-11-11,19362
2005-11-11,68043
2005-11-18,13225
2005-11-18,18920
2005-11-18,65956
2005-11-18,13133
2005-11-25,17684
2005-11-25,12957
2005-11-25,65084
2005-11-25,13822
2005-12-02,19068
2005-12-02,66960
2005-12-02,11791
2005-12-02,13998
2005-12-09,13894
2005-12-09,11711
2005-12-09,68160
2005-12-09,20460
2005-12-16,14039
2005-12-16,12384
2005-12-16,68814
2005-12-16,19779
2005-12-23,12049
2005-12-23,19835
2005-12-23,68748
2005-12-23,14194
2005-12-30,14297
2005-12-30,12683
2005-12-30,19817
2005-12-30,70287
2006-01-06,15000
2006-01-06,12600
2006-01-06,21084
2006-01-06,73227
2006-01-13,12709
2006-01-13,74558
2006-01-13,20892
2006-01-13,15685
2006-01-20,21603
2006-01-20,13953
2006-01-20,14745
2006-01-20,75982
2006-01-27,21851
2006-01-27,14249
2006-01-27,15751
2006-01-27,78147
2006-02-03,16619
2006-02-03,14329
2006-02-03,80301
2006-02-03,22388
2006-02-10,23399
2006-02-10,82136
2006-02-10,15249
2006-02-10,16246
2006-02-17,83297
2006-02-17,23894
2006-02-17,16404
2006-02-17,16039
2006-02-24,16967
2006-02-24,24011
2006-02-24,16496
2006-02-24,84289
2006-03-03,16111
2006-03-03,16517
2006-03-03,25461
2006-03-03,84903
2006-03-10,15931
2006-03-10,16974
2006-03-10,25306
2006-03-10,84162
2006-03-17,25300
2006-03-17,16670
2006-03-17,84628
2006-03-17,16882
2006-03-24,82303
2006-03-24,17180
2006-03-24,24582
2006-03-24,16320
2006-03-31,25154
2006-03-31,82018
2006-03-31,17966
2006-03-31,16087
2006-04-07,26779
2006-04-07,86166
2006-04-07,19584
2006-04-07,17033
2006-04-14,19818
2006-04-14,16925
2006-04-14,28276
2006-04-14,86188
2006-04-21,17556
2006-04-21,85178
2006-04-21,19356
2006-04-21,27521
2006-04-28,88786
2006-04-28,22667
2006-04-28,17185
2006-04-28,28109
2006-05-05,16763
2006-05-05,23721
2006-05-05,90760
2006-05-05,29556
2006-05-12,16567
2006-05-12,91549
2006-05-12,29797
2006-05-12,24403
2006-05-19,27241
2006-05-19,26819
2006-05-19,15567
2006-05-19,90815
2006-05-26,89642
2006-05-26,25712
2006-05-26,15186
2006-05-26,27821
2006-06-02,89750
2006-06-02,26925
2006-06-02,25488
2006-06-02,15472
2006-06-09,26924
2006-06-09,91904
2006-06-09,26782
2006-06-09,15736
2006-06-16,91138
2006-06-16,27037
2006-06-16,25814
2006-06-16,15378
2006-06-23,15425
2006-06-23,26386
2006-06-23,25647
2006-06-23,90116
2006-06-30,26023
2006-06-30,14801
2006-06-30,90995
2006-06-30,27166
2006-07-07,92039
2006-07-07,26702
2006-07-07,26076
2006-07-07,14837
2006-07-14,93337
2006-07-14,15326
2006-07-14,26833
2006-07-14,27282
2006-07-21,27351
2006-07-21,14897
2006-07-21,91392
2006-07-21,25402
2006-07-28,15484
2006-07-28,27407
2006-07-28,92583
2006-07-28,26452
2006-08-04,28049
2006-08-04,26185
2006-08-04,14768
2006-08-04,91086
2006-08-11,28426
2006-08-11,14311
2006-08-11,89238
2006-08-11,24555
2006-08-18,27016
2006-08-18,90083
2006-08-18,25596
2006-08-18,14952
2006-08-25,91305
2006-08-25,16172
2006-08-25,27615
2006-08-25,25805
2006-09-01,16505
2006-09-01,92483
2006-09-01,25806
2006-09-01,27291
2006-09-08,16104
2006-09-08,93491
2006-09-08,27006
2006-09-08,28572
2006-09-15,16864
2006-09-15,93919
2006-09-15,28965
2006-09-15,27042
2006-09-22,16971
2006-09-22,28274
2006-09-22,28986
2006-09-22,95839
2006-09-29,27370
2006-09-29,17443
2006-09-29,29367
2006-09-29,96525
2006-10-06,96664
2006-10-06,27953
2006-10-06,28067
2006-10-06,17911
2006-10-13,17263
2006-10-13,26166
2006-10-13,92396
2006-10-13,26794
2006-10-20,16382
2006-10-20,26065
2006-10-20,92960
2006-10-20,27287
2006-10-27,92493
2006-10-27,16206
2006-10-27,25274
2006-10-27,28249
2006-11-03,17053
2006-11-03,92855
2006-11-03,25672
2006-11-03,27579
2006-11-10,15713
2006-11-10,89704
2006-11-10,27204
2006-11-10,25373
2006-11-17,26666
2006-11-17,91227
2006-11-17,27280
2006-11-17,15825
2006-11-24,26337
2006-11-24,16040
2006-11-24,27051
2006-11-24,91463
2006-12-01,90199
2006-12-01,24289
2006-12-01,27235
2006-12-01,16726
2006-12-08,15951
2006-12-08,89089
2006-12-08,24114
2006-12-08,26736
2006-12-15,16623
2006-12-15,22961
2006-12-15,27328
2006-12-15,89852
2006-12-22,23819
2006-12-22,26746
2006-12-22,89763
2006-12-22,16325
2006-12-29,93356
2006-12-29,25565
2006-12-29,15894
2006-12-29,28118
2007-01-05,28661
2007-01-05,95014
2007-01-05,25392
2007-01-05,16332
2007-01-12,27367
2007-01-12,16414
2007-01-12,96024
2007-01-12,26503
2007-01-19,98125
2007-01-19,28807
2007-01-19,27209
2007-01-19,15920
2007-01-26,28992
2007-01-26,29504
2007-01-26,100550
2007-01-26,15992
2007-02-02,16754
2007-02-02,102335
2007-02-02,29936
2007-02-02,29867
2007-02-09,16298
2007-02-09,28437
2007-02-09,100782
2007-02-09,29898
2007-02-16,29396
2007-02-16,27965
2007-02-16,15976
2007-02-16,98962
2007-02-23,98219
2007-02-23,28493
2007-02-23,16305
2007-02-23,28542
2007-03-02,28578
2007-03-02,16941
2007-03-02,28186
2007-03-02,98072
2007-03-09,97456
2007-03-09,28759
2007-03-09,28073
2007-03-09,17039
2007-03-16,16414
2007-03-16,94829
2007-03-16,27734
2007-03-16,27260
2007-03-23,94897
2007-03-23,28545
2007-03-23,16543
2007-03-23,27935
2007-03-30,92442
2007-03-30,28762
2007-03-30,25936
2007-03-30,16189
2007-04-06,27333
2007-04-06,28370
2007-04-06,92250
2007-04-06,16253
2007-04-13,27726
2007-04-13,91204
2007-04-13,26089
2007-04-13,15765
2007-04-20,25091
2007-04-20,15948
2007-04-20,89538
2007-04-20,27641
2007-04-27,25218
2007-04-27,28104
2007-04-27,15820
2007-04-27,89354
2007-05-04,16163
2007-05-04,24953
2007-05-04,89000
2007-05-04,27081
2007-05-11,25455
2007-05-11,15913
2007-05-11,26533
2007-05-11,89772
2007-05-18,15228
2007-05-18,27011
2007-05-18,25423
2007-05-18,89587
2007-05-25,26634
2007-05-25,89362
2007-05-25,24395
2007-05-25,15894
2007-06-01,24916
2007-06-01,26784
2007-06-01,91275
2007-06-01,16439
2007-06-08,28007
2007-06-08,89569
2007-06-08,16428
2007-06-08,23028
2007-06-15,23402
2007-06-15,28154
2007-06-15,91388
2007-06-15,17056
2007-06-22,16324
2007-06-22,23531
2007-06-22,89982
2007-06-22,27392
2007-06-29,90360
2007-06-29,15494
2007-06-29,28983
2007-06-29,23861
2007-07-06,91892
2007-07-06,27545
2007-07-06,16351
2007-07-06,25131
2007-07-13,15955
2007-07-13,91590
2007-07-13,26101
2007-07-13,27216
2007-07-20,27191
2007-07-20,92521
2007-07-20,26462
2007-07-20,15659
2007-07-27,93238
2007-07-27,27046
2007-07-27,15665
2007-07-27,26335
2007-08-03,92604
2007-08-03,15101
2007-08-03,26913
2007-08-03,26087
2007-08-10,25645
2007-08-10,91964
2007-08-10,27106
2007-08-10,14964
2007-08-17,25346
2007-08-17,88163
2007-08-17,25182
2007-08-17,14450
2007-08-24,85869
2007-08-24,23298
2007-08-24,14051
2007-08-24,25094
2007-08-31,24544
2007-08-31,15314
2007-08-31,22824
2007-08-31,85143
2007-09-07,15643
2007-09-07,24446
2007-09-07,23082
2007-09-07,85676
2007-09-14,24845
2007-09-14,16452
2007-09-14,85809
2007-09-14,22378
2007-09-21,87321
2007-09-21,15725
2007-09-21,24500
2007-09-21,24958
2007-09-28,23929
2007-09-28,87516
2007-09-28,26094
2007-09-28,15386
2007-10-05,16049
2007-10-05,23129
2007-10-05,26329
2007-10-05,87575
2007-10-12,28443
2007-10-12,90360
2007-10-12,23334
2007-10-12,15984
2007-10-19,22983
2007-10-19,15567
2007-10-19,28445
2007-10-19,89119
2007-10-26,29324
2007-10-26,15021
2007-10-26,89980
2007-10-26,23166
2007-11-02,15118
2007-11-02,28094
2007-11-02,23117
2007-11-02,89772
2007-11-09,22756
2007-11-09,90647
2007-11-09,15802
2007-11-09,28161
2007-11-16,28825
2007-11-16,15495
2007-11-16,23320
2007-11-16,90674
2007-11-23,24604
2007-11-23,15584
2007-11-23,29080
2007-11-23,92324
2007-11-30,29772
2007-11-30,25236
2007-11-30,16489
2007-11-30,95231
2007-12-07,30181
2007-12-07,96154
2007-12-07,24933
2007-12-07,16475
2007-12-14,17488
2007-12-14,29919
2007-12-14,98437
2007-12-14,25293
2007-12-21,30058
2007-12-21,16787
2007-12-21,27046
2007-12-21,100162
2007-12-28,27177
2007-12-28,30271
2007-12-28,16444
2007-12-28,101315
2008-01-04,105252
2008-01-04,29172
2008-01-04,30082
2008-01-04,17587
2008-01-11,30136
2008-01-11,30036
2008-01-11,106183
2008-01-11,17277
2008-01-18,109278
2008-01-18,29936
2008-01-18,17579
2008-01-18,32089
2008-01-25,31225
2008-01-25,110662
2008-01-25,31566
2008-01-25,18260
2008-02-01,31536
2008-02-01,112804
2008-02-01,18675
2008-02-01,33115
2008-02-08,113555
2008-02-08,17839
2008-02-08,34350
2008-02-08,31653
2008-02-15,33291
2008-02-15,19410
2008-02-15,114486
2008-02-15,32848
2008-02-22,116074
2008-02-22,19166
2008-02-22,33614
2008-02-22,34851
2008-02-29,35211
2008-02-29,18496
2008-02-29,34388
2008-02-29,116493
2008-03-07,117287
2008-03-07,34361
2008-03-07,34179
2008-03-07,20610
2008-03-14,33514
2008-03-14,115317
2008-03-14,34093
2008-03-14,19775
2008-03-21,19361
2008-03-21,33720
2008-03-21,33432
2008-03-21,114582
2008-03-28,19003
2008-03-28,113610
2008-03-28,34545
2008-03-28,33688
2008-04-04,33108
2008-04-04,35199
2008-04-04,110805
2008-04-04,17670
2008-04-11,107795
2008-04-11,32355
2008-04-11,32745
2008-04-11,17558
2008-04-18,30767
2008-04-18,105173
2008-04-18,17083
2008-04-18,33897
2008-04-25,103151
2008-04-25,29729
2008-04-25,32540
2008-04-25,17727
2008-05-02,32985
2008-05-02,31740
2008-05-02,18168
2008-05-02,106476
2008-05-09,33947
2008-05-09,30834
2008-05-09,17878
2008-05-09,106687
2008-05-16,32815
2008-05-16,31223
2008-05-16,105635
2008-05-16,17954
2008-05-23,29195
2008-05-23,102316
2008-05-23,17626
2008-05-23,33093
2008-05-30,29190
2008-05-30,103474
2008-05-30,34477
2008-05-30,17459
2008-06-06,31358
2008-06-06,33257
2008-06-06,17627
2008-06-06,104528
2008-06-13,17603
2008-06-13,32097
2008-06-13,102669
2008-06-13,30627
2008-06-20,102465
2008-06-20,31476
2008-06-20,31545
2008-06-20,17018
2008-06-27,104150
2008-06-27,32079
2008-06-27,31714
2008-06-27,17141
2008-07-04,31697
2008-07-04,17951
2008-07-04,31831
2008-07-04,105084
2008-07-11,32044
2008-07-11,107046
2008-07-11,18470
2008-07-11,32536
2008-07-18,17917
2008-07-18,108836
2008-07-18,32630
2008-07-18,33735
2008-07-25,33394
2008-07-25,33338
2008-07-25,18204
2008-07-25,108044
2008-08-01,31160
2008-08-01,34602
2008-08-01,18163
2008-08-01,106616
2008-08-08,104495
2008-08-08,33833
2008-08-08,31615
2008-08-08,16910
2008-08-15,30447
2008-08-15,17172
2008-08-15,100918
2008-08-15,31898
2008-08-22,17703
2008-08-22,29812
2008-08-22,100580
2008-08-22,31733
2008-08-29,29707
2008-08-29,17523
2008-08-29,29656
2008-08-29,98636
2008-09-05,96054
2008-09-05,27681
2008-09-05,17881
2008-09-05,29403
2008-09-12,27301
2008-09-12,95359
2008-09-12,28269
2008-09-12,18493
2008-09-19,92799
2008-09-19,25999
2008-09-19,26187
2008-09-19,18274
2008-09-26,26087
2008-09-26,25617
2008-09-26,18487
2008-09-26,92852
2008-10-03,26261
2008-10-03,28282
2008-10-03,95969
2008-10-03,18256
2008-10-10,98815
2008-10-10,30804
2008-10-10,26267
2008-10-10,18622
2008-10-17,18267
2008-10-17,101016
2008-10-17,28010
2008-10-17,31397
2008-10-24,100517
2008-10-24,32125
2008-10-24,27477
2008-10-24,17928
2008-10-31,27253
2008-10-31,101088
2008-10-31,18174
2008-10-31,32264
2008-11-07,27034
2008-11-07,102892
2008-11-07,18746
2008-11-07,33412
2008-11-14,31856
2008-11-14,19157
2008-11-14,28711
2008-11-14,103764
2008-11-21,29311
2008-11-21,31775
2008-11-21,18588
2008-11-21,105270
2008-11-28,29792
2008-11-28,105529
2008-11-28,32505
2008-11-28,17711
2008-12-05,33176
2008-12-05,109174
2008-12-05,32024
2008-12-05,18002
2008-12-12,110320
2008-12-12,18244
2008-12-12,32603
2008-12-12,34057
2008-12-19,111738
2008-12-19,34853
2008-12-19,34816
2008-12-19,17795
2008-12-26,36542
2008-12-26,18070
2008-12-26,34141
2008-12-26,113468
2009-01-02,35341
2009-01-02,36629
2009-01-02,115480
2009-01-02,18405
2009-01-09,117312
2009-01-09,18953
2009-01-09,36756
2009-01-09,36742
2009-01-16,122772
2009-01-16,39469
2009-01-16,39123
2009-01-16,19018
2009-01-23,19330
2009-01-23,121376
2009-01-23,36881
2009-01-23,39694
2009-01-30,39475
2009-01-30,123354
2009-01-30,19335
2009-01-30,39796
2009-02-06,39757
2009-02-06,20144
2009-02-06,38164
2009-02-06,123107
2009-02-13,38074
2009-02-13,39557
2009-02-13,125195
2009-02-13,21379
2009-02-20,21429
2009-02-20,38208
2009-02-20,122250
2009-02-20,37325
2009-02-27,124296
2009-02-27,23170
2009-02-27,34574
2009-02-27,40409
2009-03-06,23283
2009-03-06,38915
2009-03-06,122149
2009-03-06,33879
2009-03-13,36406
2009-03-13,125714
2009-03-13,40636
2009-03-13,22749
2009-03-20,41100
2009-03-20,125867
2009-03-20,22223
2009-03-20,36626
2009-03-27,38879
2009-03-27,23093
2009-03-27,40917
2009-03-27,129557
2009-04-03,41963
2009-04-03,130118
2009-04-03,37796
2009-04-03,23610
2009-04-10,127906
2009-04-10,39173
2009-04-10,40214
2009-04-10,22768
2009-04-17,21975
2009-04-17,39530
2009-04-17,42239
2009-04-17,128991
2009-04-24,22550
2009-04-24,126734
2009-04-24,38394
2009-04-24,40695
2009-05-01,20770
2009-05-01,41314
2009-05-01,126195
2009-05-01,39643
2009-05-08,122355
2009-05-08,36819
2009-05-08,40922
2009-05-08,20588
2009-05-15,40243
2009-05-15,20651
2009-05-15,35573
2009-05-15,120361
2009-05-22,39117
2009-05-22,20757
2009-05-22,35915
2009-05-22,120128
2009-05-29,120536
2009-05-29,21590
2009-05-29,35465
2009-05-29,39714
2009-06-05,119530
2009-06-05,38456
2009-06-05,22489
2009-06-05,34270
2009-06-12,23148
2009-06-12,38667
2009-06-12,123387
2009-06-12,36776
2009-06-19,24255
2009-06-19,125444
2009-06-19,39299
2009-06-19,36605
2009-06-26,125766
2009-06-26,39315
2009-06-26,24100
2009-06-26,36670
2009-07-03,37269
2009-07-03,24445
2009-07-03,39299
2009-07-03,126700
2009-07-10,25087
2009-07-10,38231
2009-07-10,39999
2009-07-10,128868
2009-07-17,129581
2009-07-17,39165
2009-07-17,39212
2009-07-17,24945
2009-07-24,39136
2009-07-24,127432
2009-07-24,25215
2009-07-24,37978
2009-07-31,127236
2009-07-31,37515
2009-07-31,40037
2009-07-31,25608
2009-08-07,38145
2009-08-07,39166
2009-08-07,25574
2009-08-07,126440
2009-08-14,125292
2009-08-14,37128
2009-08-14,39212
2009-08-14,25036
2009-08-21,35477
2009-08-21,39433
2009-08-21,122566
2009-08-21,24763
2009-08-28,120566
2009-08-28,37776
2009-08-28,24647
2009-08-28,34977
2009-09-04,122648
2009-09-04,37965
2009-09-04,36192
2009-09-04,25643
2009-09-11,39151
2009-09-11,25302
2009-09-11,35390
2009-09-11,122891
2009-09-18,38864
2009-09-18,24972
2009-09-18,39508
2009-09-18,127198
2009-09-25,24431
2009-09-25,37221
2009-09-25,125219
2009-09-25,39288
2009-10-02,40187
2009-10-02,38055
2009-10-02,127490
2009-10-02,24698
2009-10-09,127511
2009-10-09,39262
2009-10-09,39406
2009-10-09,24463
2009-10-16,25242
2009-10-16,37551
2009-10-16,129244
2009-10-16,41012
2009-10-23,25502
2009-10-23,131042
2009-10-23,39125
2009-10-23,40752
2009-10-30,24461
2009-10-30,130265
2009-10-30,38855
2009-10-30,40059
2009-11-06,38729
2009-11-06,41014
2009-11-06,132030
2009-11-06,24394
2009-11-13,38377
2009-11-13,129911
2009-11-13,24239
2009-11-13,39810
2009-11-20,38881
2009-11-20,24518
2009-11-20,39405
2009-11-20,130319
2009-11-27,41186
2009-11-27,39645
2009-11-27,133343
2009-11-27,24461
2009-12-04,134837
2009-12-04,40809
2009-12-04,25105
2009-12-04,40618
2009-12-11,23892
2009-12-11,42226
2009-12-11,134199
2009-12-11,40347
2009-12-18,40640
2009-12-18,24191
2009-12-18,41556
2009-12-18,133583
2009-12-25,24801
2009-12-25,39636
2009-12-25,41493
2009-12-25,133455
2010-01-01,38734
2010-01-01,40777
2010-01-01,25592
2010-01-01,134643
2010-01-08,25836
2010-01-08,43028
2010-01-08,139497
2010-01-08,40802
2010-01-15,43590
2010-01-15,143273
2010-01-15,42326
2010-01-15,26503
2010-01-22,144974
2010-01-22,44069
2010-01-22,26886
2010-01-22,43281
2010-01-29,143539
2010-01-29,44681
2010-01-29,27292
2010-01-29,41264
2010-02-05,27693
2010-02-05,144740
2010-02-05,45009
2010-02-05,41785
2010-02-12,146838
2010-02-12,27877
2010-02-12,44425
2010-02-12,44124
2010-02-19,27044
2010-02-19,45641
2010-02-19,43718
2010-02-19,146990
2010-02-26,147992
2010-02-26,28830
2010-02-26,43174
2010-02-26,44795
2010-03-05,147062
2010-03-05,27989
2010-03-05,43689
2010-03-05,43300
2010-03-12,42798
2010-03-12,42763
2010-03-12,27409
2010-03-12,144628
2010-03-19,42163
2010-03-19,42869
2010-03-19,26791
2010-03-19,142786
2010-03-26,27950
2010-03-26,143940
2010-03-26,43575
2010-03-26,41839
2010-04-02,44177
2010-04-02,39853
2010-04-02,27728
2010-04-02,141812
2010-04-09,26769
2010-04-09,44062
2010-04-09,41486
2010-04-09,141529
2010-04-16,40745
2010-04-16,27144
2010-04-16,143422
2010-04-16,44403
2010-04-23,26072
2010-04-23,40730
2010-04-23,142470
2010-04-23,45042
2010-04-30,46088
2010-04-30,144864
2010-04-30,24802
2010-04-30,43453
2010-05-07,143107
2010-05-07,25289
2010-05-07,42447
2010-05-07,46317
2010-05-14,24416
2010-05-14,43996
2010-05-14,45776
2010-05-14,142337
2010-05-21,45496
2010-05-21,143060
2010-05-21,24841
2010-05-28,45176
2010-05-28,141139
2010-05-28,24120
2010-06-04,141787
2010-06-04,47299
2010-06-04,24063
2010-06-11,24445
2010-06-11,45443
2010-06-11,140952
2010-06-18,24571
2010-06-18,139828
2010-06-18,43643
2010-06-25,24946
2010-06-25,141198
2010-06-25,45329
2010-07-02,24963
2010-07-02,143168
2010-07-02,46190
2010-07-09,46224
2010-07-09,142368
2010-07-09,24434
2010-07-16,144526
2010-07-16,46768
2010-07-16,25048
2010-07-23,144665
2010-07-23,46565
2010-07-23,25181
2010-07-30,25085
2010-07-30,47296
2010-07-30,146182
2010-08-06,146628
2010-08-06,26238
2010-08-06,47033
2010-08-13,47227
2010-08-13,26103
2010-08-13,146920
2010-08-20,48583
2010-08-20,148087
2010-08-20,25817
2010-08-27,25627
2010-08-27,149206
2010-08-27,50143
2010-09-03,47823
2010-09-03,25358
2010-09-03,148406
2010-09-10,147828
2010-09-10,25753
2010-09-10,47172
2010-09-17,47673
2010-09-17,26212
2010-09-17,148790
2010-09-24,26703
2010-09-24,46491
2010-09-24,147649
2010-10-01,27646
2010-10-01,44201
2010-10-01,146610
2010-10-08,27398
2010-10-08,43381
2010-10-08,146363
2010-10-15,28173
2010-10-15,43236
2010-10-15,146694
2010-10-22,26308
2010-10-22,42499
2010-10-22,143753
2010-10-29,25609
2010-10-29,141725
2010-10-29,41234
2010-11-05,40606
2010-11-05,140889
2010-11-05,25120
2010-11-12,40233
2010-11-12,24434
2010-11-12,139234
2010-11-19,40714
2010-11-19,24558
2010-11-19,140454
2010-11-26,40953
2010-11-26,24800
2010-11-26,142077
2010-12-03,24915
2010-12-03,144410
2010-12-03,42624
2010-12-10,43520
2010-12-10,145541
2010-12-10,24942
2010-12-17,146922
2010-12-17,25200
2010-12-17,43713
2010-12-24,146088
2010-12-24,42482
2010-12-24,24017
2010-12-31,42816
2010-12-31,24778
2010-12-31,149781
2011-01-07,156110
2011-01-07,26601
2011-01-07,43366
2011-01-14,27501
2011-01-14,46017
2011-01-14,160850
2011-01-21,47033
2011-01-21,27614
2011-01-21,162971
2011-01-28,49501
2011-01-28,167685
2011-01-28,28510
2011-02-04,52556
2011-02-04,168838
2011-02-04,28369
2011-02-11,167332
2011-02-11,28714
2011-02-11,52301
2011-02-18,165029
2011-02-18,52293
2011-02-18,28325
2011-02-25,161798
2011-02-25,51228
2011-02-25,27375
2011-03-04,27766
2011-03-04,158209
2011-03-04,49320
2011-03-11,156348
2011-03-11,49162
2011-03-11,27140
2011-03-18,47584
2011-03-18,26540
2011-03-18,152733
2011-03-25,26803
2011-03-25,152353
2011-03-25,47133
2011-04-01,46251
2011-04-01,26401
2011-04-01,153537
2011-04-08,44232
2011-04-08,149031
2011-04-08,24587
2011-04-15,23442
2011-04-15,147844
2011-04-15,43583
2011-04-22,41950
2011-04-22,147546
2011-04-22,24282
2011-04-29,148031
2011-04-29,24965
2011-04-29,40511
2011-05-06,150034
2011-05-06,25954
2011-05-06,43724
2011-05-13,26440
2011-05-13,43110
2011-05-13,150617
2011-05-20,26350
2011-05-20,153179
2011-05-20,45196
2011-05-27,26164
2011-05-27,155977
2011-05-27,45076
2011-06-03,47129
2011-06-03,25532
2011-06-03,156972
2011-06-10,25105
2011-06-10,157390
2011-06-10,48511
2011-06-17,26282
2011-06-17,156239
2011-06-17,47041
2011-06-24,156761
2011-06-24,46905
2011-06-24,27296
2011-07-01,155784
2011-07-01,47393
2011-07-01,26563
2011-07-08,48025
2011-07-08,157276
2011-07-08,26834
2011-07-15,157868
2011-07-15,48097
2011-07-15,27280
2011-07-22,27920
2011-07-22,158194
2011-07-22,47248
2011-07-29,28050
2011-07-29,161619
2011-07-29,47697
2011-08-05,47453
2011-08-05,26885
2011-08-05,158970
2011-08-12,46679
2011-08-12,156512
2011-08-12,26950
2011-08-19,157056
2011-08-19,46895
2011-08-19,26982
2011-08-26,45930
2011-08-26,154103
2011-08-26,26222
2011-09-02,154769
2011-09-02,44808
2011-09-02,26633
2011-09-09,154770
2011-09-09,26102
2011-09-09,45299
2011-09-16,158413
2011-09-16,27020
2011-09-16,44967
2011-09-23,27437
2011-09-23,159132
2011-09-23,45942
2011-09-30,157503
2011-09-30,27380
2011-09-30,46166
2011-10-07,44761
2011-10-07,156122
2011-10-07,27788
2011-10-14,42905
2011-10-14,25951
2011-10-14,150959
2011-10-21,44348
2011-10-21,150007
2011-10-21,26064
2011-10-28,44647
2011-10-28,150971
2011-10-28,25979
2011-11-04,150657
2011-11-04,26436
2011-11-04,42459
2011-11-11,42329
2011-11-11,25450
2011-11-11,151250
2011-11-18,153024
2011-11-18,25428
2011-11-18,45175
2011-11-25,153707
2011-11-25,45386
2011-11-25,25371
2011-12-02,48425
2011-12-02,25551
2011-12-02,158123
2011-12-09,158682
2011-12-09,49182
2011-12-09,25598
2011-12-16,46776
2011-12-16,25259
2011-12-16,157788
2011-12-23,46982
2011-12-23,25675
2011-12-23,156524
2011-12-30,159776
2011-12-30,26756
2011-12-30,46416
2012-01-06,28288
2012-01-06,47447
2012-01-06,162930
2012-01-13,165188
2012-01-13,49096
2012-01-13,28507
2012-01-20,49268
2012-01-20,28263
2012-01-20,165674
2012-01-27,167766
2012-01-27,52421
2012-01-27,28470
2012-02-03,51776
2012-02-03,28999
2012-02-03,169070
2012-02-10,168787
2012-02-10,50776
2012-02-10,29388
2012-02-17,169658
2012-02-17,29515
2012-02-17,52506
2012-02-24,168768
2012-02-24,29242
2012-02-24,51377
2012-03-02,29456
2012-03-02,169507
2012-03-02,51395
2012-03-09,52206
2012-03-09,29573
2012-03-09,169451
2012-03-16,29042
2012-03-16,167638
2012-03-16,51182
2012-03-23,49762
2012-03-23,28481
2012-03-23,166051
2012-03-30,49168
2012-03-30,28690
2012-03-30,164651
2012-04-06,48681
2012-04-06,28470
2012-04-06,161248
2012-04-13,28067
2012-04-13,159374
2012-04-13,46051
2012-04-20,45697
2012-04-20,28359
2012-04-20,157432
2012-04-27,156769
2012-04-27,44987
2012-04-27,27799
2012-05-04,155256
2012-05-04,45520
2012-05-04,28208
2012-05-11,154173
2012-05-11,45653
2012-05-11,28174
2012-05-18,150985
2012-05-18,27135
2012-05-18,45778
2012-05-25,27604
2012-05-25,151037
2012-05-25,45511
2012-06-01,47648
2012-06-01,26985
2012-06-01,153663
2012-06-08,26909
2012-06-08,151451
2012-06-08,45238
2012-06-15,152071
2012-06-15,45836
2012-06-15,27198
2012-06-22,45894
2012-06-22,27376
2012-06-22,153221
2012-06-29,44273
2012-06-29,153079
2012-06-29,27214
2012-07-06,155773
2012-07-06,28043
2012-07-06,44845
2012-07-13,154649
2012-07-13,27806
2012-07-13,44265
2012-07-20,27465
2012-07-20,46056
2012-07-20,156885
2012-07-27,155262
2012-07-27,44672
2012-07-27,26719
2012-08-03,152491
2012-08-03,26663
2012-08-03,43303
2012-08-10,151904
2012-08-10,42540
2012-08-10,26087
2012-08-17,27951
2012-08-17,151506
2012-08-17,41944
2012-08-24,42256
2012-08-24,151065
2012-08-24,26973
2012-08-31,26918
2012-08-31,150280
2012-08-31,43293
2012-09-07,43132
2012-09-07,148750
2012-09-07,27400
2012-09-14,146061
2012-09-14,40092
2012-09-14,27229
2012-09-21,147016
2012-09-21,40433
2012-09-21,26843
2012-09-28,27013
2012-09-28,146222
2012-09-28,38942
2012-10-05,27071
2012-10-05,147818
2012-10-05,38689
2012-10-12,27330
2012-10-12,40331
2012-10-12,149516
2012-10-19,26510
2012-10-19,149668
2012-10-19,41065
2012-10-26,149865
2012-10-26,40849
2012-10-26,26463
2012-11-02,38200
2012-11-02,24944
2012-11-02,150846
2012-11-09,150583
2012-11-09,36974
2012-11-09,24585
2012-11-16,37964
2012-11-16,24965
2012-11-16,148973
2012-11-23,39387
2012-11-23,152684
2012-11-23,24933
2012-11-30,39658
2012-11-30,156829
2012-11-30,26207
2012-12-07,40305
2012-12-07,27354
2012-12-07,160830
2012-12-14,41071
2012-12-14,163665
2012-12-14,27992
2012-12-21,163647
2012-12-21,41638
2012-12-21,27337
2012-12-28,42930
2012-12-28,27598
2012-12-28,166496
2013-01-04,29898
2013-01-04,174449
2013-01-04,44883
2013-01-11,29428
2013-01-11,45991
2013-01-11,177651
2013-01-18,45583
2013-01-18,29090
2013-01-18,175658
2013-01-25,45912
2013-01-25,173547
2013-01-25,28957
2013-02-01,48951
2013-02-01,176013
2013-02-01,29677
2013-02-08,50921
2013-02-08,175095
2013-02-08,29477
2013-02-15,172052
2013-02-15,29197
2013-02-15,49810
2013-02-22,28990
2013-02-22,169836
2013-02-22,50445
2013-03-01,30224
2013-03-01,171590
2013-03-01,51748
2013-03-08,30452
2013-03-08,169789
2013-03-08,51668
2013-03-15,170320
2013-03-15,29934
2013-03-15,51860
2013-03-22,29756
2013-03-22,51717
2013-03-22,169245
2013-03-29,29550
2013-03-29,51712
2013-03-29,169071
2013-04-05,30330
2013-04-05,172150
2013-04-05,52991
2013-04-12,171161
2013-04-12,53540
2013-04-12,30520
2013-04-19,54776
2013-04-19,30627
2013-04-19,168854
2013-04-26,167750
2013-04-26,55522
2013-04-26,29619
2013-05-03,168582
2013-05-03,55592
2013-05-03,28620
2013-05-10,27804
2013-05-10,170346
2013-05-10,56940
2013-05-17,27405
2013-05-17,172490
2013-05-17,56478
2013-05-24,56241
2013-05-24,172631
2013-05-24,28010
2013-05-31,27276
2013-05-31,170737
2013-05-31,54775
2013-06-07,56636
2013-06-07,27701
2013-06-07,170824
2013-06-14,55530
2013-06-14,27915
2013-06-14,171256
2013-06-21,56879
2013-06-21,174897
2013-06-21,28306
2013-06-28,55555
2013-06-28,26973
2013-06-28,174377
2013-07-05,55709
2013-07-05,171556
2013-07-05,26566
2013-07-12,173803
2013-07-12,55730
2013-07-12,26677
2013-07-19,27478
2013-07-19,172339
2013-07-19,54599
2013-07-26,27322
2013-07-26,53263
2013-07-26,172242
2013-08-02,27050
2013-08-02,171649
2013-08-02,52998
2013-08-09,54217
2013-08-09,172876
2013-08-09,27973
2013-08-16,50906
2013-08-16,168927
2013-08-16,27436
2013-08-23,27256
2013-08-23,50398
2013-08-23,167732
2013-08-30,50984
2013-08-30,167991
2013-08-30,26590
2013-09-06,47837
2013-09-06,168755
2013-09-06,27495
2013-09-13,27701
2013-09-13,48182
2013-09-13,167677
2013-09-20,47887
2013-09-20,28602
2013-09-20,168956
2013-09-27,30677
2013-09-27,48355
2013-09-27,171998
2013-10-04,50476
2013-10-04,171872
2013-10-04,29903
2013-10-11,169784
2013-10-11,30015
2013-10-11,49945
2013-10-18,30069
2013-10-18,49955
2013-10-18,168136
2013-10-25,48286
2013-10-25,166156
2013-10-25,29849
2013-11-01,47499
2013-11-01,171254
2013-11-01,36038
2013-11-08,169872
2013-11-08,36327
2013-11-08,46224
2013-11-15,169336
2013-11-15,35678
2013-11-15,45277
2013-11-22,35727
2013-11-22,169900
2013-11-22,45130
2013-11-29,47372
2013-11-29,173148
2013-11-29,35824
2013-12-06,49847
2013-12-06,177568
2013-12-06,35596
2013-12-13,178993
2013-12-13,36968
2013-12-13,48698
2013-12-20,48741
2013-12-20,177678
2013-12-20,36050
2013-12-27,50298
2013-12-27,180654
2013-12-27,37786
2014-01-03,51710
2014-01-03,184392
2014-01-03,38512
2014-01-10,191880
2014-01-10,39445
2014-01-10,54657
2014-01-17,194193
2014-01-17,54263
2014-01-17,40286
2014-01-24,55193
2014-01-24,192747
2014-01-24,40395
2014-01-31,39845
2014-01-31,55997
2014-01-31,194557
2014-02-07,192913
2014-02-07,40528
2014-02-07,55254
2014-02-14,40896
2014-02-14,191980
2014-02-14,53981
2014-02-21,41047
2014-02-21,192027
2014-02-21,53111
2014-02-28,51994
2014-02-28,41469
2014-02-28,190020
2014-03-07,40398
2014-03-07,185911
2014-03-07,50198
2014-03-14,183341
2014-03-14,48192
2014-03-14,39092
2014-03-21,50025
2014-03-21,36316
2014-03-21,182132
2014-03-28,48451
2014-03-28,37588
2014-03-28,181453
2014-04-04,46620
2014-04-04,37815
2014-04-04,177076
2014-04-11,47505
2014-04-11,38683
2014-04-11,177937
2014-04-18,47457
2014-04-18,177726
2014-04-18,38778
2014-04-25,182365
2014-04-25,42604
2014-04-25,47927
2014-05-02,48605
2014-05-02,184429
2014-05-02,43095
2014-05-09,183165
2014-05-09,42540
2014-05-09,49676
2014-05-16,50891
2014-05-16,183608
2014-05-16,41662
2014-05-23,52489
2014-05-23,182834
2014-05-23,40099
2014-05-30,54541
2014-05-30,182670
2014-05-30,38393
2014-06-06,185377
2014-06-06,54654
2014-06-06,39935
2014-06-13,184466
2014-06-13,55084
2014-06-13,40431
2014-06-20,185931
2014-06-20,55794
2014-06-20,40838
2014-06-27,54335
2014-06-27,184766
2014-06-27,40950
2014-07-04,40514
2014-07-04,55620
2014-07-04,184470
2014-07-11,41470
2014-07-11,54940
2014-07-11,186215
2014-07-18,188197
2014-07-18,41741
2014-07-18,54120
2014-07-25,54430
2014-07-25,41092
2014-07-25,189570
2014-08-01,52555
2014-08-01,40515
2014-08-01,185697
2014-08-08,51619
2014-08-08,183556
2014-08-08,40093
2014-08-15,52318
2014-08-15,39830
2014-08-15,184800
2014-08-22,183265
2014-08-22,39110
2014-08-22,50564
2014-08-29,182513
2014-08-29,39092
2014-08-29,51458
2014-09-05,184898
2014-09-05,51212
2014-09-05,39813
2014-09-12,48653
2014-09-12,40124
2014-09-12,182169
2014-09-19,49756
2014-09-19,39178
2014-09-19,181571
2014-09-26,47830
2014-09-26,40136
2014-09-26,179531
2014-10-03,49238
2014-10-03,40078
2014-10-03,182166
2014-10-10,47328
2014-10-10,39573
2014-10-10,179274
2014-10-17,46549
2014-10-17,38249
2014-10-17,177190
2014-10-24,45034
2014-10-24,38216
2014-10-24,176865
2014-10-31,37521
2014-10-31,174591
2014-10-31,45684
2014-11-07,37937
2014-11-07,176681
2014-11-07,43681
2014-11-14,176926
2014-11-14,43176
2014-11-14,38454
2014-11-21,178208
2014-11-21,44168
2014-11-21,37275
2014-11-28,181315
2014-11-28,37757
2014-11-28,45175
2014-12-05,187013
2014-12-05,38944
2014-12-05,46448
2014-12-12,47840
2014-12-12,192571
2014-12-12,40652
2014-12-19,196254
2014-12-19,50373
2014-12-19,41331
2014-12-26,50816
2014-12-26,197510
2014-12-26,43698
2015-01-02,56416
2015-01-02,206627
2015-01-02,45607
2015-01-09,58286
2015-01-09,210238
2015-01-09,47017
2015-01-16,210451
2015-01-16,45904
2015-01-16,58588
2015-01-23,46084
2015-01-23,57553
2015-01-23,209605
2015-01-30,61052
2015-01-30,46810
2015-01-30,210842
2015-02-06,46640
2015-02-06,213219
2015-02-06,62124
2015-02-13,214351
2015-02-13,47733
2015-02-13,62977
2015-02-20,210663
2015-02-20,47229
2015-02-20,61950
2015-02-27,47574
2015-02-27,59168
2015-02-27,208988
2015-03-06,208943
2015-03-06,59973
2015-03-06,47440
2015-03-13,60396
2015-03-13,47455
2015-03-13,205707
2015-03-20,45540
2015-03-20,59719
2015-03-20,204629
2015-03-27,201886
2015-03-27,46220
2015-03-27,58520
2015-04-03,202489
2015-04-03,45550
2015-04-03,58991
2015-04-10,201736
2015-04-10,46046
2015-04-10,58066
2015-04-17,46757
2015-04-17,199003
2015-04-17,57847
2015-04-24,200639
2015-04-24,47341
2015-04-24,58665
2015-05-01,201895
2015-05-01,59372
2015-05-01,46205
2015-05-08,45601
2015-05-08,58341
2015-05-08,200982
2015-05-15,57405
2015-05-15,44701
2015-05-15,199106
2015-05-22,42932
2015-05-22,55644
2015-05-22,195539
2015-05-29,42965
2015-05-29,194513
2015-05-29,56042
2015-06-05,191437
2015-06-05,42831
2015-06-05,53303
2015-06-12,53919
2015-06-12,191476
2015-06-12,42190
2015-06-19,41565
2015-06-19,54424
2015-06-19,192614
2015-06-26,42550
2015-06-26,190993
2015-06-26,54173
2015-07-03,191841
2015-07-03,55317
2015-07-03,42100
2015-07-10,192612
2015-07-10,42807
2015-07-10,56647
2015-07-17,190615
2015-07-17,42329
2015-07-17,55404
2015-07-24,42385
2015-07-24,190234
2015-07-24,54985
2015-07-31,191834
2015-07-31,42115
2015-07-31,54647
2015-08-07,191261
2015-08-07,41653
2015-08-07,54139
2015-08-14,40319
2015-08-14,187703
2015-08-14,53628
2015-08-21,187959
2015-08-21,54686
2015-08-21,40602
2015-08-28,53672
2015-08-28,40851
2015-08-28,187823
2015-09-04,51935
2015-09-04,42248
2015-09-04,186990
2015-09-11,41630
2015-09-11,190615
2015-09-11,54664
2015-09-18,41144
2015-09-18,52884
2015-09-18,192041
2015-09-25,193750
2015-09-25,41358
2015-09-25,53642
2015-10-02,196272
2015-10-02,40919
2015-10-02,56357
2015-10-09,55567
2015-10-09,41118
2015-10-09,193383
2015-10-16,191579
2015-10-16,54706
2015-10-16,40579
2015-10-23,55612
2015-10-23,190636
2015-10-23,39091
2015-10-30,187880
2015-10-30,53875
2015-10-30,39667
2015-11-06,186017
2015-11-06,40539
2015-11-06,51802
2015-11-13,50275
2015-11-13,186021
2015-11-13,40749
2015-11-20,51005
2015-11-20,187889
2015-11-20,41099
2015-11-27,50199
2015-11-27,42235
2015-11-27,188989
2015-12-04,190782
2015-12-04,50588
2015-12-04,43795
2015-12-11,44232
2015-12-11,191219
2015-12-11,52515
2015-12-18,194376
2015-12-18,45439
2015-12-18,51540
2015-12-25,194259
2015-12-25,43744
2015-12-25,51306
2016-01-01,46809
2016-01-01,203187
2016-01-01,53633
2016-01-08,212640
2016-01-08,57200
2016-01-08,50163
2016-01-15,56763
2016-01-15,51441
2016-01-15,217489
2016-01-22,58920
2016-01-22,51859
2016-01-22,220765
2016-01-29,54773
2016-01-29,62421
2016-01-29,226935
2016-02-05,56155
2016-02-05,63689
2016-02-05,228211
2016-02-12,64849
2016-02-12,230814
2016-02-12,54950
2016-02-19,66450
2016-02-19,53812
2016-02-19,228275
2016-02-26,65365
2016-02-26,227371
2016-02-26,53394
2016-03-04,63230
2016-03-04,224097
2016-03-04,53192
2016-03-11,64414
2016-03-11,222064
2016-03-11,51910
2016-03-18,51603
2016-03-18,62003
2016-03-18,218064
2016-03-25,59892
2016-03-25,50713
2016-03-25,216421
2016-04-01,217125
2016-04-01,61069
2016-04-01,50103
2016-04-08,49675
2016-04-08,59384
2016-04-08,215347
2016-04-15,61105
2016-04-15,214826
2016-04-15,48009
2016-04-22,62571
2016-04-22,216848
2016-04-22,48165
2016-04-29,64469
2016-04-29,216919
2016-04-29,47676
2016-05-06,62578
2016-05-06,215579
2016-05-06,47683
2016-05-13,213764
2016-05-13,46682
2016-05-13,61929
2016-05-20,45756
2016-05-20,215772
2016-05-20,64370
2016-05-27,63499
2016-05-27,46441
2016-05-27,215163
2016-06-03,214593
2016-06-03,46646
2016-06-03,64164
2016-06-10,213435
2016-06-10,44961
2016-06-10,65287
2016-06-17,46832
2016-06-17,212615
2016-06-17,63687
2016-06-24,67361
2016-06-24,213831
2016-06-24,45978
2016-07-01,66540
2016-07-01,214087
2016-07-01,45505
2016-07-08,213431
2016-07-08,67149
2016-07-08,46408
2016-07-15,66896
2016-07-15,214715
2016-07-15,47111
2016-07-22,215803
2016-07-22,45369
2016-07-22,67043
2016-07-29,45331
2016-07-29,213664
2016-07-29,65975
2016-08-05,211097
2016-08-05,66152
2016-08-05,44602
2016-08-12,64211
2016-08-12,42481
2016-08-12,206914
2016-08-19,62113
2016-08-19,42130
2016-08-19,206797
2016-08-26,61090
2016-08-26,43590
2016-08-26,206047
2016-09-02,202298
2016-09-02,44646
2016-09-02,58558
2016-09-09,44689
2016-09-09,203117
2016-09-09,58052
2016-09-16,200976
2016-09-16,50776
2016-09-16,44228
2016-09-23,201767
2016-09-23,51899
2016-09-23,44209
2016-09-30,54710
2016-09-30,43036
2016-09-30,202104
2016-10-07,43949
2016-10-07,200676
2016-10-07,53189
2016-10-14,202018
2016-10-14,45289
2016-10-14,55929
2016-10-21,200516
2016-10-21,44681
2016-10-21,57846
2016-10-28,199190
2016-10-28,43487
2016-10-28,55844
2016-11-04,195079
2016-11-04,51016
2016-11-04,42298
2016-11-11,196741
2016-11-11,42212
2016-11-11,51311
2016-11-18,200070
2016-11-18,54300
2016-11-18,41791
2016-11-25,42224
2016-11-25,54783
2016-11-25,201769
2016-12-02,42606
2016-12-02,56947
2016-12-02,203370
2016-12-09,43319
2016-12-09,58201
2016-12-09,204416
2016-12-16,44267
2016-12-16,202448
2016-12-16,57015
2016-12-23,200021
2016-12-23,56541
2016-12-23,43261
2016-12-30,208225
2016-12-30,59773
2016-12-30,44431
2017-01-06,61969
2017-01-06,44947
2017-01-06,211671
2017-01-13,64894
2017-01-13,45887
2017-01-13,217417
2017-01-20,65609
2017-01-20,49173
2017-01-20,224569
2017-01-27,229157
2017-01-27,52013
2017-01-27,68063
2017-02-03,52942
2017-02-03,67671
2017-02-03,228411
2017-02-10,230610
2017-02-10,52753
2017-02-10,70163
2017-02-17,70014
2017-02-17,228496
2017-02-17,53076
2017-02-24,69287
2017-02-24,228586
2017-02-24,53497
2017-03-03,223159
2017-03-03,54080
2017-03-03,65991
2017-03-10,54147
2017-03-10,221594
2017-03-10,63653
2017-03-17,52673
2017-03-17,218877
2017-03-17,63604
2017-03-24,215804
2017-03-24,61363
2017-03-24,52397
2017-03-31,61632
2017-03-31,51604
2017-03-31,217073
2017-04-07,214449
2017-04-07,61499
2017-04-07,50019
2017-04-14,49990
2017-04-14,216165
2017-04-14,59860
2017-04-21,49232
2017-04-21,219445
2017-04-21,63294
2017-04-28,220012
2017-04-28,62717
2017-04-28,50073
2017-05-05,49418
2017-05-05,219721
2017-05-05,65345
2017-05-12,218765
2017-05-12,65940
2017-05-12,47584
2017-05-19,218218
2017-05-19,66014
2017-05-19,47069
2017-05-26,215464
2017-05-26,64363
2017-05-26,46993
2017-06-02,218031
2017-06-02,64856
2017-06-02,48509
2017-06-09,219683
2017-06-09,64466
2017-06-09,49154
2017-06-16,48846
2017-06-16,63476
2017-06-16,220587
2017-06-23,63369
2017-06-23,48239
2017-06-23,218373
2017-06-30,62229
2017-06-30,47513
2017-06-30,215004
2017-07-07,212012
2017-07-07,62166
2017-07-07,47310
2017-07-14,60342
2017-07-14,48224
2017-07-14,207983
2017-07-21,46646
2017-07-21,207023
2017-07-21,58274
2017-07-28,45494
2017-07-28,204844
2017-07-28,58121
2017-08-04,59049
2017-08-04,46504
2017-08-04,207526
2017-08-11,59744
2017-08-11,45563
2017-08-11,208279
2017-08-18,57938
2017-08-18,205278
2017-08-18,46230
2017-08-25,57855
2017-08-25,45759
2017-08-25,205087
2017-09-01,54763
2017-09-01,201587
2017-09-01,44799
2017-09-08,45084
2017-09-08,50621
2017-09-08,194547
2017-09-15,193425
2017-09-15,45960
2017-09-15,48729
2017-09-22,196006
2017-09-22,45850
2017-09-22,51466
2017-09-29,44017
2017-09-29,196940
2017-09-29,52435
2017-10-06,43865
2017-10-06,200052
2017-10-06,53437
2017-10-13,41989
2017-10-13,198518
2017-10-13,52740
2017-10-20,194786
2017-10-20,51946
2017-10-20,40583
2017-10-27,190966
2017-10-27,39328
2017-10-27,49670
2017-11-03,187339
2017-11-03,48174
2017-11-03,38458
2017-11-10,189288
2017-11-10,39795
2017-11-10,48702
2017-11-17,188665
2017-11-17,49846
2017-11-17,39131
2017-11-24,51391
2017-11-24,190241
2017-11-24,39230
2017-12-01,197176
2017-12-01,40762
2017-12-01,53667
2017-12-08,53889
2017-12-08,41385
2017-12-08,200464
2017-12-15,202796
2017-12-15,41446
2017-12-15,53164
2017-12-22,204029
2017-12-22,52675
2017-12-22,41716
2017-12-29,208201
2017-12-29,53247
2017-12-29,44228
2018-01-05,46375
2018-01-05,212948
2018-01-05,56105
2018-01-12,215818
2018-01-12,47156
2018-01-12,55798
2018-01-19,58559
2018-01-19,48668
2018-01-19,220021
2018-01-26,49294
2018-01-26,58742
2018-01-26,218611
2018-02-02,50000
2018-02-02,60042
2018-02-02,220963
2018-02-09,60941
2018-02-09,50987
2018-02-09,224891
2018-02-16,60152
2018-02-16,223443
2018-02-16,51313
2018-02-23,52797
2018-02-23,60550
2018-02-23,225896
2018-03-02,57252
2018-03-02,225859
2018-03-02,54210
2018-03-09,220543
2018-03-09,54023
2018-03-09,55305
2018-03-16,218532
2018-03-16,55188
2018-03-16,52592
2018-03-23,52087
2018-03-23,215016
2018-03-23,52015
2018-03-30,53606
2018-03-30,214218
2018-03-30,51743
2018-04-06,51167
2018-04-06,213921
2018-04-06,56098
2018-04-13,55651
2018-04-13,50611
2018-04-13,212799
2018-04-20,213503
2018-04-20,49887
2018-04-20,56965
2018-04-27,58191
2018-04-27,49673
2018-04-27,214228
2018-05-04,59691
2018-05-04,49530
2018-05-04,214019
2018-05-11,58966
2018-05-11,210107
2018-05-11,48023
2018-05-18,211882
2018-05-18,46512
2018-05-18,60959
2018-05-25,59872
2018-05-25,211645
2018-05-25,46546
2018-06-01,46054
2018-06-01,62351
2018-06-01,215185
2018-06-08,60359
2018-06-08,46327
2018-06-08,213062
2018-06-15,45939
2018-06-15,60092
2018-06-15,215058
2018-06-22,46950
2018-06-22,62278
2018-06-22,217560
2018-06-29,60617
2018-06-29,47589
2018-06-29,216291
2018-07-06,46504
2018-07-06,60913
2018-07-06,213809
2018-07-13,211595
2018-07-13,61319
2018-07-13,45848
2018-07-20,210876
2018-07-20,45101
2018-07-20,60566
2018-07-27,59117
2018-07-27,207604
2018-07-27,44529
2018-08-03,209648
2018-08-03,58786
2018-08-03,46278
2018-08-10,58140
2018-08-10,209966
2018-08-10,46295
2018-08-17,46605
2018-08-17,210396
2018-08-17,57751
2018-08-24,46203
2018-08-24,210445
2018-08-24,59526
2018-08-31,46539
2018-08-31,211573
2018-08-31,61159
2018-09-07,211347
2018-09-07,61163
2018-09-07,46446
2018-09-14,209288
2018-09-14,45695
2018-09-14,59838
2018-09-21,61885
2018-09-21,45378
2018-09-21,211157
2018-09-28,44859
2018-09-28,63335
2018-09-28,209781
2018-10-05,212452
2018-10-05,64855
2018-10-05,45737
2018-10-12,64553
2018-10-12,44958
2018-10-12,209472
2018-10-19,206121
2018-10-19,43542
2018-10-19,61869
2018-10-26,58974
2018-10-26,201950
2018-10-26,41191
2018-11-02,40758
2018-11-02,60023
2018-11-02,204294
2018-11-09,59561
2018-11-09,201635
2018-11-09,40374
2018-11-16,56409
2018-11-16,39928
2018-11-16,200202
2018-11-23,40601
2018-11-23,199936
2018-11-23,57387
2018-11-30,57587
2018-11-30,43111
2018-11-30,203044
2018-12-07,43212
2018-12-07,203989
2018-12-07,55388
2018-12-14,204511
2018-12-14,45105
2018-12-14,56095
2018-12-21,207538
2018-12-21,46475
2018-12-21,56133
2018-12-28,47518
2018-12-28,56593
2018-12-28,214082
2019-01-04,222359
2019-01-04,59101
2019-01-04,50702
2019-01-11,228174
2019-01-11,53270
2019-01-11,61458
2019-01-18,54026
2019-01-18,230802
2019-01-18,62927
2019-01-25,54640
2019-01-25,63749
2019-01-25,230383
2019-02-01,231308
2019-02-01,54933
2019-02-01,65698
2019-02-08,63682
2019-02-08,52109
2019-02-08,231251
2019-02-15,52567
2019-02-15,229980
2019-02-15,61909
2019-02-22,52290
2019-02-22,229630
2019-02-22,63414
2019-03-01,60374
2019-03-01,52061
2019-03-01,226172
2019-03-08,59240
2019-03-08,50799
2019-03-08,223134
2019-03-15,219176
2019-03-15,49247
2019-03-15,59636
2019-03-22,60234
2019-03-22,217209
2019-03-22,48653
2019-03-29,59829
2019-03-29,214906
2019-03-29,47874
2019-04-05,46253
2019-04-05,208536
2019-04-05,56879
2019-04-12,207200
2019-04-12,55466
2019-04-12,45800
2019-04-19,205144
2019-04-19,44864
2019-04-19,56634
2019-04-26,44990
2019-04-26,205418
2019-04-26,55768
2019-05-03,56900
2019-05-03,44687
2019-05-03,205324
2019-05-10,43467
2019-05-10,203694
2019-05-10,56002
2019-05-17,41125
2019-05-17,205816
2019-05-17,59517
2019-05-24,208114
2019-05-24,58264
2019-05-24,42236
2019-05-31,210903
2019-05-31,60267
2019-05-31,42126
2019-06-07,42729
2019-06-07,212223
2019-06-07,58965
2019-06-14,211325
2019-06-14,58116
2019-06-14,43142
2019-06-21,209514
2019-06-21,57056
2019-06-21,43518
2019-06-28,54803
2019-06-28,43280
2019-06-28,208309
2019-07-05,206742
2019-07-05,55213
2019-07-05,43646
2019-07-12,210055
2019-07-12,44085
2019-07-12,56108
2019-07-19,210685
2019-07-19,43708
2019-07-19,55807
2019-07-26,54843
2019-07-26,208154
2019-07-26,42737
2019-08-02,212269
2019-08-02,43082
2019-08-02,57258
2019-08-09,210948
2019-08-09,43705
2019-08-09,57514
2019-08-16,44656
2019-08-16,212317
2019-08-16,58452
2019-08-23,44645
2019-08-23,209714
2019-08-23,59421
2019-08-30,60440
2019-08-30,44915
2019-08-30,207364
2019-09-06,59126
2019-09-06,46498
2019-09-06,206170
2019-09-13,58060
2019-09-13,46173
2019-09-13,207811
2019-09-20,207654
2019-09-20,44401
2019-09-20,59282
2019-09-27,59731
2019-09-27,206561
2019-09-27,44697
2019-10-04,205493
2019-10-04,44357
2019-10-04,58211
2019-10-11,203235
2019-10-11,58095
2019-10-11,43974
2019-10-18,200298
2019-10-18,57515
2019-10-18,41998
2019-10-25,41325
2019-10-25,55335
2019-10-25,198010
2019-11-01,55405
2019-11-01,39643
2019-11-01,195022
2019-11-08,39903
2019-11-08,55734
2019-11-08,195915
2019-11-15,39493
2019-11-15,53896
2019-11-15,197792
2019-11-22,41074
2019-11-22,55270
2019-11-22,201885
2019-11-29,56068
2019-11-29,204750
2019-11-29,41790
2019-12-06,57666
2019-12-06,210123
2019-12-06,43347
2019-12-13,58783
2019-12-13,213715
2019-12-13,44469
2019-12-20,214501
2019-12-20,45043
2019-12-20,57865
2019-12-27,58964
2019-12-27,46417
2019-12-27,216291
2020-01-03,225135
2020-01-03,47765
2020-01-03,59861
2020-01-10,230935
2020-01-10,49474
2020-01-10,60926
2020-01-17,51096
2020-01-17,60275
2020-01-17,231361
2020-01-24,61658
2020-01-24,50331
2020-01-24,233767
2020-01-31,51172
2020-01-31,233368
2020-01-31,63247
2020-02-07,51375
2020-02-07,233830
2020-02-07,63222
2020-02-14,232163
2020-02-14,52051
2020-02-14,62623
2020-02-21,61079
2020-02-21,229676
2020-02-21,52150
2020-02-28,226091
2020-02-28,59192
2020-02-28,53218
2020-03-06,51522
2020-03-06,59462
2020-03-06,221760
2020-03-13,50498
2020-03-13,58342
2020-03-13,217094
2020-03-20,57984
2020-03-20,50031
2020-03-20,219213
2020-03-27,51370
2020-03-27,62925
2020-03-27,225522
2020-04-03,53494
2020-04-03,67972
2020-04-03,235781
2020-04-10,68932
2020-04-10,239690
2020-04-10,53114
2020-04-17,70201
2020-04-17,239226
2020-04-17,51804
2020-04-24,50524
2020-04-24,68822
2020-04-24,235055
2020-05-01,233963
2020-05-01,49940
2020-05-01,67685
2020-05-08,67120
2020-05-08,48741
2020-05-08,230330
2020-05-15,231255
2020-05-15,66993
2020-05-15,48184
2020-05-22,48620
2020-05-22,232056
2020-05-22,69326
2020-05-29,69873
2020-05-29,233655
2020-05-29,48070
2020-06-05,234132
2020-06-05,47067
2020-06-05,70733
2020-06-12,69318
2020-06-12,47529
2020-06-12,232281
2020-06-19,230852
2020-06-19,45421
2020-06-19,70724
2020-06-26,45993
2020-06-26,232837
2020-06-26,70836
2020-07-03,228887
2020-07-03,43989
2020-07-03,67792
2020-07-10,225651
2020-07-10,66693
2020-07-10,44508
2020-07-17,62853
2020-07-17,223295
2020-07-17,43800
2020-07-24,223740
2020-07-24,63735
2020-07-24,44156
2020-07-31,224269
2020-07-31,43637
2020-07-31,64212
2020-08-07,43575
2020-08-07,63640
2020-08-07,223066
2020-08-14,43042
2020-08-14,219590
2020-08-14,63533
2020-08-21,59196
2020-08-21,216143
2020-08-21,42894
2020-08-28,209997
2020-08-28,42041
2020-08-28,58467
2020-09-04,56587
2020-09-04,40999
2020-09-04,207232
2020-09-11,58765
2020-09-11,207794
2020-09-11,41159
2020-09-18,55525
2020-09-18,202252
2020-09-18,39966
2020-09-25,204011
2020-09-25,38867
2020-09-25,55946
2020-10-02,203360
2020-10-02,58408
2020-10-02,39473
2020-10-09,202085
2020-10-09,56224
2020-10-09,41124
2020-10-16,203404
2020-10-16,56416
2020-10-16,41514
2020-10-23,201600
2020-10-23,41097
2020-10-23,56588
2020-10-30,202258
2020-10-30,40985
2020-10-30,58052
2020-11-06,40894
2020-11-06,57610
2020-11-06,200426
2020-11-13,41316
2020-11-13,57798
2020-11-13,201555
2020-11-20,59849
2020-11-20,203944
2020-11-20,42346
2020-11-27,42907
2020-11-27,207562
2020-11-27,59640
2020-12-04,43753
2020-12-04,62256
2020-12-04,212316
2020-12-11,214361
2020-12-11,63122
2020-12-11,44401
2020-12-18,41886
2020-12-18,212087
2020-12-18,63895
2020-12-25,209209
2020-12-25,61577
2020-12-25,41759
2021-01-01,63094
2021-01-01,43828
2021-01-01,215819
2021-01-08,47434
2021-01-08,223655
2021-01-08,63987
2021-01-15,63942
2021-01-15,47596
2021-01-15,222779
2021-01-22,47894
2021-01-22,64215
2021-01-22,224548
2021-01-29,229451
2021-01-29,49348
2021-01-29,62600
2021-02-05,65459
2021-02-05,232832
2021-02-05,48790
2021-02-12,233068
2021-02-12,66741
2021-02-12,48274
2021-02-19,232659
2021-02-19,66687
2021-02-19,48322
2021-02-26,67040
2021-02-26,46260
2021-02-26,220990
2021-03-05,46112
2021-03-05,59833
2021-03-05,211132
2021-03-12,59828
2021-03-12,46373
2021-03-12,211176
2021-03-19,212513
2021-03-19,59939
2021-03-19,46355
2021-03-26,44049
2021-03-26,210549
2021-03-26,58017
2021-04-02,215526
2021-04-02,61256
2021-04-02,45048
2021-04-09,43421
2021-04-09,214114
2021-04-09,60628
2021-04-16,215244
2021-04-16,61445
2021-04-16,42789
2021-04-23,60580
2021-04-23,41969
2021-04-23,213610
2021-04-30,61347
2021-04-30,214566
2021-04-30,41264
2021-05-07,61018
2021-05-07,215043
2021-05-07,41906
2021-05-14,56575
2021-05-14,213414
2021-05-14,40326
2021-05-21,56901
2021-05-21,41298
2021-05-21,213121
2021-05-28,58902
2021-05-28,41519
2021-05-28,214314
2021-06-04,43151
2021-06-04,62362
2021-06-04,220022
2021-06-11,43416
2021-06-11,64698
2021-06-11,222610
2021-06-18,44467
2021-06-18,65046
2021-06-18,219223
2021-06-25,66207
2021-06-25,44811
2021-06-25,219925
2021-07-02,64699
2021-07-02,45817
2021-07-02,214957
2021-07-09,64516
2021-07-09,46261
2021-07-09,215752
2021-07-16,64049
2021-07-16,217968
2021-07-16,47091
2021-07-23,47243
2021-07-23,216106
2021-07-23,61228
2021-07-30,211128
2021-07-30,58157
2021-07-30,45325
2021-08-06,43977
2021-08-06,209115
2021-08-06,58695
2021-08-13,55926
2021-08-13,44520
2021-08-13,208816
2021-08-20,207726
2021-08-20,44222
2021-08-20,53654
2021-08-27,43638
2021-08-27,54643
2021-08-27,207806
2021-09-03,50976
2021-09-03,42956
2021-09-03,201271
2021-09-10,51304
2021-09-10,42825
2021-09-10,200707
2021-09-17,50533
2021-09-17,42293
2021-09-17,201312
2021-09-24,52062
2021-09-24,42110
2021-09-24,202386
2021-10-01,42821
2021-10-01,207492
2021-10-01,55112
2021-10-08,206846
2021-10-08,54384
2021-10-08,42312
2021-10-15,201080
2021-10-15,51461
2021-10-15,41748
2021-10-22,199071
2021-10-22,51473
2021-10-22,41409
2021-10-29,40309
2021-10-29,197416
2021-10-29,49603
2021-11-05,40379
2021-11-05,50040
2021-11-05,195459
2021-11-12,39517
2021-11-12,195411
2021-11-12,51209
2021-11-19,40039
2021-11-19,193488
2021-11-19,50639
2021-11-26,196538
2021-11-26,40575
2021-11-26,51362
2021-12-03,42215
2021-12-03,201686
2021-12-03,53357
2021-12-10,200954
2021-12-10,53695
2021-12-10,43859
2021-12-17,54125
2021-12-17,45496
2021-12-17,205125
2021-12-24,55042
2021-12-24,44691
2021-12-24,205038
2021-12-31,60717
2021-12-31,46567
2021-12-31,215801
2022-01-07,50355
2022-01-07,221621
2022-01-07,60574
2022-01-14,52137
2022-01-14,61643
2022-01-14,226889
2022-01-21,53074
2022-01-21,61168
2022-01-21,228121
2022-01-28,53541
2022-01-28,62596
2022-01-28,231058
2022-02-04,54055
2022-02-04,60127
2022-02-04,229654
2022-02-11,229315
2022-02-11,55727
2022-02-11,60252
2022-02-18,58676
2022-02-18,228855
2022-02-18,56733
2022-02-25,228298
2022-02-25,57162
2022-02-25,57401
2022-03-04,225544
2022-03-04,55667
2022-03-04,57783
2022-03-11,223868
2022-03-11,54509
2022-03-11,57974
2022-03-18,219699
2022-03-18,54095
2022-03-18,53629
2022-03-25,53380
2022-03-25,219857
2022-03-25,54626
2022-04-01,53816
2022-04-01,52607
2022-04-01,220272
2022-04-08,49664
2022-04-08,216941
2022-04-08,52942
2022-04-15,49999
2022-04-15,214180
2022-04-15,51197
2022-04-22,48312
2022-04-22,213216
2022-04-22,47528
2022-04-29,210123
2022-04-29,49268
2022-04-29,46045
2022-05-06,44945
2022-05-06,205661
2022-05-06,48465
2022-05-13,42922
2022-05-13,48415
2022-05-13,201958
2022-05-20,49598
2022-05-20,42120
2022-05-20,201572
2022-05-27,48381
2022-05-27,40837
2022-05-27,200999
2022-06-03,40468
2022-06-03,50176
2022-06-03,200163
2022-06-10,40781
2022-06-10,49709
2022-06-10,198737
2022-06-17,41654
2022-06-17,200099
2022-06-17,49350
2022-06-24,42145
2022-06-24,50515
2022-06-24,204548
2022-07-01,42658
2022-07-01,49705
2022-07-01,201491
2022-07-08,52281
2022-07-08,206885
2022-07-08,42913
2022-07-15,44099
2022-07-15,209313
2022-07-15,51574
2022-07-22,44050
2022-07-22,50254
2022-07-22,207973
2022-07-29,49213
2022-07-29,44196
2022-07-29,208028
2022-08-05,43501
2022-08-05,202864
2022-08-05,47863
2022-08-12,48283
2022-08-12,42763
2022-08-12,199583
2022-08-19,198694
2022-08-19,42618
2022-08-19,51084
2022-08-26,41635
2022-08-26,49001
2022-08-26,196050
2022-09-02,39732
2022-09-02,196016
2022-09-02,50585
2022-09-09,38239
2022-09-09,194877
2022-09-09,52855
2022-09-16,53336
2022-09-16,39009
2022-09-16,196245
2022-09-23,193507
2022-09-23,39186
2022-09-23,51922
2022-09-30,190166
2022-09-30,39190
2022-09-30,51155
2022-10-07,192931
2022-10-07,51252
2022-10-07,40932
2022-10-14,41097
2022-10-14,192777
2022-10-14,50888
2022-10-21,48192
2022-10-21,193457
2022-10-21,41897
2022-10-28,191491
2022-10-28,41347
2022-10-28,47100
2022-11-04,191307
2022-11-04,46240
2022-11-04,41359
2022-11-11,191982
2022-11-11,40867
2022-11-11,46538
2022-11-18,194311
2022-11-18,44180
2022-11-18,41264
2022-11-25,46482
2022-11-25,196964
2022-11-25,41050
2022-12-02,43627
2022-12-02,203586
2022-12-02,48275
2022-12-09,50351
2022-12-09,43987
2022-12-09,208843
2022-12-16,43418
2022-12-16,211112
2022-12-16,53543
2022-12-23,207068
2022-12-23,43006
2022-12-23,51060
2022-12-30,42285
2022-12-30,206625
2022-12-30,54196
2023-01-06,209599
2023-01-06,44064
2023-01-06,54012
2023-01-13,213571
2023-01-13,53496
2023-01-13,43459
2023-01-20,56099
2023-01-20,215773
2023-01-20,44291
2023-01-27,45615
2023-01-27,56978
2023-01-27,217554
2023-02-03,47091
2023-02-03,223481
2023-02-03,57736
2023-02-10,224559
2023-02-10,46936
2023-02-10,61188
2023-02-17,223919
2023-02-17,48174
2023-02-17,60339
2023-02-24,59891
2023-02-24,223065
2023-02-24,48694
2023-03-03,48387
2023-03-03,219987
2023-03-03,60009
2023-03-10,48614
2023-03-10,58617
2023-03-10,219987
2023-03-17,47965
2023-03-17,215360
2023-03-17,56286
2023-03-24,53304
2023-03-24,47078
2023-03-24,211238
2023-03-31,45769
2023-03-31,208686
2023-03-31,51351
2023-04-07,48397
2023-04-07,206628
2023-04-07,44785
2023-04-14,43659
2023-04-14,206773
2023-04-14,49066
2023-04-21,48318
2023-04-21,42646
2023-04-21,204658
2023-04-28,49693
2023-04-28,41820
2023-04-28,206531
2023-05-05,203957
2023-05-05,49391
2023-05-05,41636
2023-05-12,40902
2023-05-12,204105
2023-05-12,49922
2023-05-19,50595
2023-05-19,39795
2023-05-19,200073
2023-05-26,50425
2023-05-26,199169
2023-05-26,40250
2023-06-02,51244
2023-06-02,40640
2023-06-02,201510
2023-06-09,39352
2023-06-09,53312
2023-06-09,202128
2023-06-16,40372
2023-06-16,55130
2023-06-16,204290
2023-06-23,40761
2023-06-23,204166
2023-06-23,52558
2023-06-30,202245
2023-06-30,53708
2023-06-30,41191
2023-07-07,42271
2023-07-07,51623
2023-07-07,200065
2023-07-14,42098
2023-07-14,52582
2023-07-14,200846
2023-07-21,43564
2023-07-21,52980
2023-07-21,202157
2023-07-28,201784
2023-07-28,43090
2023-07-28,52880
2023-08-04,52424
2023-08-04,200403
2023-08-04,42343
2023-08-11,41837
2023-08-11,200788
2023-08-11,51924
2023-08-18,201977
2023-08-18,51616
2023-08-18,42699
2023-08-25,43256
2023-08-25,52435
2023-08-25,200526
2023-09-01,200293
2023-09-01,53197
2023-09-01,42158
2023-09-08,204838
2023-09-08,54981
2023-09-08,41986
2023-09-15,202808
2023-09-15,41527
2023-09-15,54506
2023-09-22,204269
2023-09-22,41728
2023-09-22,52766
2023-09-29,55991
2023-09-29,209559
2023-09-29,42286
2023-10-06,42583
2023-10-06,54935
2023-10-06,208320
2023-10-13,40943
2023-10-13,53940
2023-10-13,207357
2023-10-20,53161
2023-10-20,206042
2023-10-20,41161
2023-10-27,205988
2023-10-27,53218
2023-10-27,40809
2023-11-03,200376
2023-11-03,78356
2023-11-03,49919
2023-11-03,39822
2023-11-10,78527
2023-11-10,200346
2023-11-10,40293
2023-11-10,49464
2023-11-17,48922
2023-11-17,41368
2023-11-17,200686
2023-11-17,78609
2023-11-24,201912
2023-11-24,78319
2023-11-24,48315
2023-11-24,43004
2023-12-01,50825
2023-12-01,44670
2023-12-01,205804
2023-12-08,79031
2023-12-08,208528
2023-12-08,53596
2023-12-08,44514
2023-12-15,210177
2023-12-15,52955
2023-12-15,47085
2023-12-22,210492
2023-12-22,48752
2023-12-22,52963
2023-12-22,76772
2023-12-29,55711
2023-12-29,221692
2023-12-29,50629
2024-01-05,81429
2024-01-05,57621
2024-01-05,52639
2024-01-05,226052
2024-01-12,56979
2024-01-12,81344
2024-01-12,54743
2024-01-12,228676
2024-01-19,82582
2024-01-19,59363
2024-01-19,234910
2024-01-19,55725
2024-01-26,81289
2024-01-26,235252
2024-01-26,59852
2024-01-26,56498
2024-02-02,57933
2024-02-02,235515
2024-02-02,60632
2024-02-02,78754
2024-02-09,78510
2024-02-09,231520
2024-02-09,60431
2024-02-09,54909
2024-02-16,61117
2024-02-16,54380
2024-02-16,78302
2024-02-16,231627
2024-02-23,60586
2024-02-23,227145
2024-02-23,54274
2024-03-01,61291
2024-03-01,223486
2024-03-01,72761
2024-03-01,52879
2024-03-08,51244
2024-03-08,218250
2024-03-08,72597
2024-03-08,57989
2024-03-15,71689
2024-03-15,50666
2024-03-15,57707
2024-03-15,215919
2024-03-22,75987
2024-03-22,218736
2024-03-22,51192
2024-03-22,56251
2024-03-29,76838
2024-03-29,52465
2024-03-29,214554
2024-03-29,50377
2024-04-05,49766
2024-04-05,79890
2024-04-05,50140
2024-04-05,214756
2024-04-12,78918
2024-04-12,49866
2024-04-12,212890
2024-04-12,50312
2024-04-19,211811
2024-04-19,49289
2024-04-19,48668
2024-04-26,212419
2024-04-26,50323
2024-04-26,47666
2024-05-03,51948
2024-05-03,77674
2024-05-03,48044
2024-05-03,212744
2024-05-10,46294
2024-05-10,212484
2024-05-10,78255
2024-05-10,53074
2024-05-17,53029
2024-05-17,77820
2024-05-17,44997
2024-05-17,210632
2024-05-24,51936
2024-05-24,44313
2024-05-24,212023
2024-05-24,80622
2024-05-31,44035
2024-05-31,215745
2024-05-31,54528
2024-06-07,55193
2024-06-07,216469
2024-06-07,45199
2024-06-14,44649
2024-06-14,52960
2024-06-14,214646
2024-06-14,81500
2024-06-21,44251
2024-06-21,53305
2024-06-21,81575
2024-06-21,215886
2024-06-28,215558
2024-06-28,54183
2024-06-28,44131
2024-06-28,80491
2024-07-05,79028
2024-07-05,212435
2024-07-05,43859
2024-07-05,53641
2024-07-12,53724
2024-07-12,44359
2024-07-12,82089
2024-07-12,216200
2024-07-19,52444
2024-07-19,42425
2024-07-19,210720
2024-07-26,77087
2024-07-26,41591
2024-07-26,207429
2024-07-26,53284
2024-08-02,42043
2024-08-02,54930
2024-08-02,75307
2024-08-02,206817
2024-08-09,204665
2024-08-09,73216
2024-08-09,54890
2024-08-09,41974
2024-08-16,72731
2024-08-16,203260
2024-08-16,53920
2024-08-16,42837
2024-08-23,43420
2024-08-23,203640
2024-08-23,71626
2024-08-23,53718
2024-08-30,71059
2024-08-30,55473
2024-08-30,203819
2024-08-30,43135
2024-09-06,57852
2024-09-06,206038
2024-09-06,72478
2024-09-06,43003
2024-09-13,55687
2024-09-13,75100
2024-09-13,204692
2024-09-13,42099
2024-09-20,42069
2024-09-20,57202
2024-09-20,74952
2024-09-20,204406
2024-09-27,204076
2024-09-27,41623
2024-09-27,73434
2024-09-27,57772
2024-10-04,40671
2024-10-04,56343
2024-10-04,199954
2024-10-04,72214
2024-10-11,55636
2024-10-11,199234
2024-10-11,41910
2024-10-11,71749
2024-10-18,73897
2024-10-18,53224
2024-10-18,198222
2024-10-18,41385
2024-10-25,196691
2024-10-25,40895
2024-10-25,51715
2024-11-01,40280
2024-11-01,51712
2024-11-01,74869
2024-11-01,196708
2024-11-08,48411
2024-11-08,74637
2024-11-08,193816
2024-11-08,39723
2024-11-15,49128
2024-11-15,195295
2024-11-15,40985
2024-11-15,74225
2024-11-22,41330
2024-11-22,48154
2024-11-22,196697
2024-11-29,200158
2024-11-29,41503
2024-11-29,50542
2024-12-06,75818
2024-12-06,51379
2024-12-06,203161
2024-12-06,42546
2024-12-13,75540
2024-12-13,43678
2024-12-13,52880
2024-12-13,205584
2024-12-20,206834
2024-12-20,44064
2024-12-20,75769
2024-12-20,54027
2024-12-27,46062
2024-12-27,55386
2024-12-27,214763
2024-12-27,79331
2025-01-03,48807
2025-01-03,223428
2025-01-03,80145
2025-01-03,58901
2025-01-10,49749
2025-01-10,60769
2025-01-10,229160
2025-01-10,82256
2025-01-17,57155
2025-01-17,230119
2025-01-17,51979
2025-01-24,52020
2025-01-24,83416
2025-01-24,58913
2025-01-24,230509
2025-01-31,61994
2025-01-31,52844
2025-01-31,82088
2025-01-31,232816
2025-02-07,230841
2025-02-07,63288
2025-02-07,52889
2025-02-07,79833
2025-02-14,230246
2025-02-14,63415
2025-02-14,78127
2025-02-14,54117
2025-02-21,64221
2025-02-21,231294
2025-02-21,56315
2025-02-21,75437
2025-02-28,63530
2025-02-28,229157
2025-02-28,74305
2025-02-28,56488
2025-03-07,62283
2025-03-07,56702
2025-03-07,226395
2025-03-07,73184
2025-03-14,59735
2025-03-14,56079
2025-03-14,226274
2025-03-14,75784
2025-03-21,224428
2025-03-21,59311
2025-03-21,54151
2025-03-21,76642
2025-03-28,57931
2025-03-28,77696
2025-03-28,53282
2025-03-28,222796
2025-04-04,78791
2025-04-04,52048
2025-04-04,221111
2025-04-04,57011
2025-04-11,77659
2025-04-11,218365
2025-04-11,56608
2025-04-11,51137
2025-04-18,213615
2025-04-18,49478
2025-04-18,77425
2025-04-18,55137
2025-04-25,54791
2025-04-25,211087
2025-04-25,77038
2025-04-25,47960
2025-05-02,210477
2025-05-02,56127
2025-05-02,46386
2025-05-09,55288
2025-05-09,45142
2025-05-09,208977
2025-05-16,44474
2025-05-16,54582
2025-05-16,209228
2025-05-16,78462
2025-05-23,52056
2025-05-23,81338
2025-05-23,208118
2025-05-23,43062
2025-05-30,43476
2025-05-30,213280
2025-05-30,55580
2025-06-06,81568
2025-06-06,44212
2025-06-06,55869
2025-06-06,214672
2025-06-13,214314
2025-06-13,55293
2025-06-13,81555
2025-06-13,43704
2025-06-20,57316
2025-06-20,212889
2025-06-20,78212
2025-06-20,44094
2025-06-27,78975
2025-06-27,214497
2025-06-27,57677
2025-06-27,43566
2025-07-04,213054
2025-07-04,42304
2025-07-04,58719
2025-07-04,77598
2025-07-11,217192
2025-07-11,79578
2025-07-11,59930
2025-07-11,42602
2025-07-18,41903
2025-07-18,81830
2025-07-18,216651
2025-07-18,56325
2025-07-25,54433
2025-07-25,81484
2025-07-25,42231
2025-07-25,213105
2025-08-01,53037
2025-08-01,41883
2025-08-01,81384
2025-08-01,212205
2025-08-08,43124
2025-08-08,209745
2025-08-08,51520
2025-08-08,79108
2025-08-15,42068
2025-08-15,208541
2025-08-15,53287
2025-08-15,77482
2025-08-22,41693
2025-08-22,206834
2025-08-22,77236
2025-08-22,51811
2025-08-29,41232
2025-08-29,203378
2025-08-29,75368
2025-08-29,52062
2025-09-05,42083
2025-09-05,203616
2025-09-05,74387
2025-09-05,52490
2025-09-12,42101
2025-09-12,202755
2025-09-12,74840
2025-09-12,51435
2025-09-19,51166
2025-09-19,72987
2025-09-19,201748
2025-09-19,43163
2025-09-26,205375
2025-09-26,52432
2025-09-26,43283
2025-10-03,203371
2025-10-03,51956
2025-10-03,43473
2025-10-10,42875
2025-10-10,53927
2025-10-10,72485
2025-10-10,203149
2025-10-17,200974
2025-10-17,52430
2025-10-17,42163
2025-10-24,72052
2025-10-24,50669
2025-10-24,39894
2025-10-24,195476
2025-10-31,70678
2025-10-31,48956
2025-10-31,38977
2025-10-31,191390
2025-11-07,190211
2025-11-07,71820
2025-11-07,46332
2025-11-07,39925
2025-11-14,40424
2025-11-14,73625
2025-11-14,47024
2025-11-14,192980
2025-11-21,196812
2025-11-21,76749
2025-11-21,40998
2025-11-21,46441
2025-11-28,79036
2025-11-28,41065
2025-11-28,45976
2025-11-28,199482
2025-12-05,47207
2025-12-05,80102
2025-12-05,204635
2025-12-05,43235
2025-12-12,49215
2025-12-12,44628
2025-12-12,211364
2025-12-12,82020
2025-12-19,213995
2025-12-19,82806
2025-12-19,44811
2025-12-19,50823
2025-12-26,218316
2025-12-26,85174
2025-12-26,52925
2025-12-26,45246
2026-01-02,86673
2026-01-02,226253
2026-01-02,53633
2026-01-02,48995
2026-01-09,235265
2026-01-09,88882
2026-01-09,56021
2026-01-09,52431
2026-01-16,59554
2026-01-16,88648
2026-01-16,54762
2026-01-16,240653
2026-01-23,240572
2026-01-23,87053
2026-01-23,61048
2026-01-23,55785
2026-01-30,86388
2026-01-30,54851
2026-01-30,241396
2026-01-30,63873
2026-02-06,55902
2026-02-06,64061
2026-02-06,242784
2026-02-13,240461
2026-02-13,83705
2026-02-13,63195
2026-02-13,56498
2026-02-20,62330
2026-02-20,57483
2026-02-20,240979
2026-02-27,238474
2026-02-27,57597
2026-02-27,64394
2026-03-06,235201
2026-03-06,56139
2026-03-06,64768
2026-03-13,231106
2026-03-13,61423
2026-03-13,54968
2026-03-13,80474
2026-03-20,60060
2026-03-20,55723
2026-03-20,228679
2026-03-27,56941
2026-03-27,54709
2026-03-27,81157
2026-03-27,226513
2026-04-03,82477
2026-04-03,224584
2026-04-03,52303
2026-04-03,55371
2026-04-10,55228
2026-04-10,50464
2026-04-10,219419
2026-04-10,79196
2026-04-17,213406
2026-04-17,54520
2026-04-17,47560
2026-04-17,76365
2026-04-24,45477
2026-04-24,75442
2026-04-24,52723
2026-04-24,207468
2026-05-01,53834
2026-05-01,42352
2026-05-01,204067
2026-05-08,199548
2026-05-08,41408
2026-05-08,74054
2026-05-08,50994
2026-05-15,198760
2026-05-15,51458
2026-05-15,40663
2026-05-22,76234
2026-05-22,196583
2026-05-22,39250
2026-05-22,49852
2026-05-29,53566
2026-05-29,199934
2026-05-29,39276
2026-05-29,75535
