period,refinery_inputs
2025-10-10,640.0
2025-11-07,246.0
2025-05-23,1055.0
2024-08-02,404.0
2026-05-29,116.0
2024-05-03,885.0
2024-09-06,570.0
2025-08-22,751.0
2024-08-30,695.0
2024-07-26,1173.0
2025-03-14,808.0
2026-05-22,435.0
2025-09-19,74.0
2024-11-08,423.0
2025-01-03,-998.0
2024-04-12,977.0
2024-03-01,930.0
2024-02-23,1084.0
2024-07-05,606.0
2025-07-25,732.0
2025-04-18,1211.0
2024-09-20,619.0
2024-09-27,673.0
2025-07-04,511.0
2024-06-28,535.0
2026-01-16,-273.0
2025-01-31,309.0
2026-04-03,755.0
2026-03-27,777.0
2026-01-09,-922.0
2026-01-23,98.0
2024-10-04,591.0
2024-02-16,921.0
2024-07-12,318.0
2025-08-29,583.0
2026-03-13,490.0
2025-12-19,-41.0
2024-08-23,712.0
2026-01-02,-1111.0
2025-08-15,870.0
2025-05-16,694.0
2024-01-26,263.0
2024-01-12,-112.0
2024-02-09,1051.0
2024-10-11,1016.0
2024-01-19,-32.0
2024-05-24,782.0
2025-01-24,176.0
2025-04-25,756.0
2024-02-02,413.0
2024-09-13,576.0
2024-10-18,570.0
2025-02-07,467.0
2024-05-10,825.0
2025-11-21,11.0
2024-06-14,829.0
2024-12-27,-201.0
2023-12-22,233.0
2024-12-13,294.0
2025-06-20,460.0
2025-02-14,314.0
2025-03-28,1260.0
2025-12-26,-298.0
2025-04-04,757.0
2024-12-20,297.0
2025-12-12,-404.0
2024-12-06,-223.0
2026-01-30,-384.0
2026-02-13,463.0
2025-07-18,627.0
2024-04-05,460.0
2025-07-11,230.0
2024-03-29,660.0
2025-08-01,645.0
2025-03-07,618.0
2024-11-15,391.0
2025-01-10,-703.0
2025-08-08,858.0
2025-06-13,443.0
2023-12-08,165.0
2025-06-27,606.0
2025-04-11,866.0
2025-02-28,783.0
2024-05-17,741.0
2024-01-05,-728.0
2025-11-28,-289.0
2023-11-24,422.0
2024-08-09,1127.0
2023-12-01,161.0
2025-06-06,383.0
2024-03-15,770.0
2024-03-08,940.0
2025-02-21,109.0
2026-05-08,768.0
2024-11-01,448.0
2025-09-05,279.0
2024-06-21,625.0
2025-03-21,722.0
2026-04-17,901.0
2025-10-24,1139.0
2023-11-17,513.0
2024-03-22,114.0
2025-11-14,174.0
2026-04-10,618.0
2023-11-03,813.0
2023-11-10,534.0
2025-10-31,788.0
2025-12-05,-520.0
2025-09-12,512.0
2024-08-16,759.0
2026-04-24,994.0
2004-04-09,1854.0
2004-04-16,869.0
2004-04-23,671.0
2004-04-30,973.0
2004-05-07,1042.0
2004-05-14,1017.0
2004-05-21,1067.0
2004-05-28,647.0
2004-06-04,507.0
2004-06-11,523.0
2004-06-18,560.0
2004-06-25,671.0
2004-07-02,666.0
2004-07-09,506.0
2004-07-16,564.0
2004-07-23,714.0
2004-07-30,354.0
2004-08-06,382.0
2004-08-13,500.0
2004-08-20,440.0
2004-08-27,353.0
2004-09-03,471.0
2004-09-10,597.0
2004-09-17,320.0
2004-09-24,484.0
2004-10-01,397.0
2004-10-08,492.0
2004-10-15,337.0
2004-10-22,562.0
2004-10-29,353.0
2004-11-05,537.0
2004-11-12,180.0
2004-11-19,171.0
2004-11-26,-11.0
2004-12-03,-75.0
2004-12-10,198.0
2004-12-17,206.0
2004-12-24,154.0
2004-12-31,-5.0
2005-01-07,100.0
2005-01-14,-14.0
2005-01-21,297.0
2005-01-28,162.0
2005-02-04,274.0
2005-02-11,106.0
2005-02-18,24.0
2005-02-25,391.0
2005-03-04,524.0
2005-03-11,295.0
2005-03-18,561.0
2005-03-25,370.0
2005-04-01,521.0
2005-04-08,498.0
2005-04-15,235.0
2005-04-22,361.0
2005-04-29,303.0
2005-05-06,369.0
2005-05-13,268.0
2005-05-20,480.0
2005-05-27,463.0
2005-06-03,313.0
2005-06-10,363.0
2005-06-17,276.0
2005-06-24,511.0
2005-07-01,686.0
2005-07-08,148.0
2005-07-15,16.0
2005-07-22,465.0
2005-07-29,239.0
2005-08-05,202.0
2005-08-12,369.0
2005-08-19,105.0
2005-08-26,88.0
2005-09-02,259.0
2005-09-09,107.0
2005-09-16,150.0
2005-09-23,403.0
2005-09-30,536.0
2005-10-07,374.0
2005-10-14,406.0
2005-10-21,528.0
2005-10-28,603.0
2005-11-04,503.0
2005-11-11,606.0
2005-11-18,555.0
2005-11-25,527.0
2005-12-02,188.0
2005-12-09,338.0
2005-12-16,301.0
2005-12-23,339.0
2005-12-30,219.0
2006-01-06,-15.0
2006-01-13,378.0
2006-01-20,522.0
2006-01-27,121.0
2006-02-03,323.0
2006-02-10,93.0
2006-02-17,386.0
2006-02-24,398.0
2006-03-03,429.0
2006-03-10,591.0
2006-03-17,363.0
2006-03-24,727.0
2006-03-31,455.0
2006-04-07,248.0
2006-04-14,177.0
2006-04-21,330.0
2006-04-28,-191.0
2006-05-05,-378.0
2006-05-12,-291.0
2006-05-19,-388.0
2006-05-26,-273.0
2006-06-02,447.0
2006-06-09,-101.0
2006-06-16,146.0
2006-06-23,270.0
2006-06-30,206.0
2006-07-07,220.0
2006-07-14,361.0
2006-07-21,584.0
2006-07-28,434.0
2006-08-04,169.0
2006-08-11,458.0
2006-08-18,325.0
2006-08-25,203.0
2006-09-01,394.0
2006-09-08,254.0
2006-09-15,195.0
2006-09-22,395.0
2006-09-29,324.0
2006-10-06,311.0
2006-10-13,672.0
2006-10-20,490.0
2006-10-27,416.0
2006-11-03,336.0
2006-11-10,-57.0
2006-11-17,318.0
2006-11-24,612.0
2006-12-01,147.0
2006-12-08,300.0
2006-12-15,321.0
2006-12-22,36.0
2006-12-29,-251.0
2007-01-05,-132.0
2007-01-12,287.0
2007-01-19,248.0
2007-01-26,322.0
2007-02-02,308.0
2007-02-09,245.0
2007-02-16,393.0
2007-02-23,533.0
2007-03-02,421.0
2007-03-09,342.0
2007-03-16,501.0
2007-03-23,539.0
2007-03-30,799.0
2007-04-06,571.0
2007-04-13,384.0
2007-04-20,325.0
2007-04-27,382.0
2007-05-04,553.0
2007-05-11,272.0
2007-05-18,414.0
2007-05-25,405.0
2007-06-01,415.0
2007-06-08,781.0
2007-06-15,587.0
2007-06-22,512.0
2007-06-29,453.0
2007-07-06,283.0
2007-07-13,172.0
2007-07-20,372.0
2007-07-27,412.0
2007-08-03,573.0
2007-08-10,539.0
2007-08-17,559.0
2007-08-24,457.0
2007-08-31,419.0
2007-09-07,219.0
2007-09-14,496.0
2007-09-21,191.0
2007-09-28,154.0
2007-10-05,323.0
2007-10-12,194.0
2007-10-19,381.0
2007-10-26,403.0
2007-11-02,248.0
2007-11-09,183.0
2007-11-16,193.0
2007-11-23,122.0
2007-11-30,89.0
2007-12-07,93.0
2007-12-14,5.0
2007-12-21,-76.0
2007-12-28,-333.0
2008-01-04,-434.0
2008-01-11,124.0
2008-01-18,56.0
2008-01-25,163.0
2008-02-01,213.0
2008-02-08,95.0
2008-02-15,313.0
2008-02-22,421.0
2008-02-29,793.0
2008-03-07,806.0
2008-03-14,781.0
2008-03-21,790.0
2008-03-28,928.0
2008-04-04,666.0
2008-04-11,857.0
2008-04-18,740.0
2008-04-25,917.0
2008-05-02,629.0
2008-05-09,654.0
2008-05-16,576.0
2008-05-23,469.0
2008-05-30,509.0
2008-06-06,464.0
2008-06-13,468.0
2008-06-20,349.0
2008-06-27,294.0
2008-07-04,25.0
2008-07-11,352.0
2008-07-18,565.0
2008-07-25,636.0
2008-08-01,684.0
2008-08-08,832.0
2008-08-15,926.0
2008-08-22,626.0
2008-08-29,780.0
2008-09-05,981.0
2008-09-12,691.0
2008-09-19,1105.0
2008-09-26,892.0
2008-10-03,1116.0
2008-10-10,1305.0
2008-10-17,1035.0
2008-10-24,813.0
2008-10-31,1161.0
2008-11-07,950.0
2008-11-14,710.0
2008-11-21,634.0
2008-11-28,774.0
2008-12-05,680.0
2008-12-12,637.0
2008-12-19,298.0
2008-12-26,357.0
2009-01-02,319.0
2009-01-09,-333.0
2009-01-16,69.0
2009-01-23,227.0
2009-01-30,355.0
2009-02-06,252.0
2009-02-13,625.0
2009-02-20,92.0
2009-02-27,452.0
2009-03-06,1199.0
2009-03-13,1374.0
2009-03-20,1301.0
2009-03-27,1542.0
2009-04-03,1234.0
2009-04-10,975.0
2009-04-17,1044.0
2009-04-24,809.0
2009-05-01,1187.0
2009-05-08,577.0
2009-05-15,765.0
2009-05-22,1248.0
2009-05-29,404.0
2009-06-05,820.0
2009-06-12,474.0
2009-06-19,500.0
2009-06-26,698.0
2009-07-03,491.0
2009-07-10,144.0
2009-07-17,526.0
2009-07-24,425.0
2009-07-31,791.0
2009-08-07,601.0
2009-08-14,518.0
2009-08-21,437.0
2009-08-28,582.0
2009-09-04,419.0
2009-09-11,251.0
2009-09-18,323.0
2009-09-25,508.0
2009-10-02,370.0
2009-10-09,536.0
2009-10-16,281.0
2009-10-23,514.0
2009-10-30,468.0
2009-11-06,-350.0
2009-11-13,-22.0
2009-11-20,-119.0
2009-11-27,-223.0
2009-12-04,682.0
2009-12-11,641.0
2009-12-18,817.0
2009-12-25,930.0
2010-01-01,545.0
2010-01-08,236.0
2010-01-15,390.0
2010-01-22,602.0
2010-01-29,485.0
2010-02-05,989.0
2010-02-12,534.0
2010-02-19,566.0
2010-02-26,491.0
2010-03-05,614.0
2010-03-12,772.0
2010-03-19,928.0
2010-03-26,865.0
2010-04-02,768.0
2010-04-09,803.0
2010-04-16,687.0
2010-04-23,874.0
2010-04-30,743.0
2010-05-07,627.0
2010-05-14,712.0
2010-05-21,612.0
2010-05-28,777.0
2010-06-04,626.0
2010-06-11,662.0
2010-06-18,724.0
2010-06-25,683.0
2010-07-02,788.0
2010-07-09,924.0
2010-07-16,617.0
2010-07-23,768.0
2010-07-30,915.0
2010-08-06,859.0
2010-08-13,592.0
2010-08-20,1097.0
2010-08-27,915.0
2010-09-03,874.0
2010-09-10,426.0
2010-09-17,605.0
2010-09-24,1024.0
2010-10-01,1064.0
2010-10-08,1147.0
2010-10-15,916.0
2010-10-22,1142.0
2010-10-29,971.0
2010-11-05,895.0
2010-11-12,795.0
2010-11-19,723.0
2010-11-26,438.0
2010-12-03,536.0
2010-12-10,627.0
2010-12-17,627.0
2010-12-24,885.0
2010-12-31,14.0
2011-01-07,-92.0
2011-01-14,-79.0
2011-01-21,373.0
2011-01-28,440.0
2011-02-04,548.0
2011-02-11,850.0
2011-02-18,909.0
2011-02-25,1099.0
2011-03-04,1067.0
2011-03-11,1048.0
2011-03-18,1192.0
2011-03-25,966.0
2011-04-01,944.0
2011-04-08,1258.0
2011-04-15,977.0
2011-04-22,950.0
2011-04-29,955.0
2011-05-06,812.0
2011-05-13,862.0
2011-05-20,919.0
2011-05-27,918.0
2011-06-03,814.0
2011-06-10,695.0
2011-06-17,845.0
2011-06-24,693.0
2011-07-01,888.0
2011-07-08,673.0
2011-07-15,793.0
2011-07-22,590.0
2011-07-29,419.0
2011-08-05,998.0
2011-08-12,995.0
2011-08-19,571.0
2011-08-26,1013.0
2011-09-02,474.0
2011-09-09,364.0
2011-09-16,250.0
2011-09-23,205.0
2011-09-30,565.0
2011-10-07,575.0
2011-10-14,758.0
2011-10-21,786.0
2011-10-28,681.0
2011-11-04,719.0
2011-11-11,466.0
2011-11-18,467.0
2011-11-25,444.0
2011-12-02,23.0
2011-12-09,571.0
2011-12-16,514.0
2011-12-23,624.0
2011-12-30,97.0
2012-01-06,-131.0
2012-01-13,184.0
2012-01-20,649.0
2012-01-27,470.0
2012-02-03,338.0
2012-02-10,475.0
2012-02-17,399.0
2012-02-24,608.0
2012-03-02,434.0
2012-03-09,501.0
2012-03-16,568.0
2012-03-23,702.0
2012-03-30,679.0
2012-04-06,1010.0
2012-04-13,656.0
2012-04-20,671.0
2012-04-27,514.0
2012-05-04,656.0
2012-05-11,728.0
2012-05-18,920.0
2012-05-25,577.0
2012-06-01,210.0
2012-06-08,708.0
2012-06-15,653.0
2012-06-22,510.0
2012-06-29,566.0
2012-07-06,419.0
2012-07-13,509.0
2012-07-20,502.0
2012-07-27,407.0
2012-08-03,533.0
2012-08-10,597.0
2012-08-17,513.0
2012-08-24,516.0
2012-08-31,728.0
2012-09-07,485.0
2012-09-14,358.0
2012-09-21,323.0
2012-09-28,250.0
2012-10-05,185.0
2012-10-12,32.0
2012-10-19,380.0
2012-10-26,293.0
2012-11-02,298.0
2012-11-09,299.0
2012-11-16,382.0
2012-11-23,93.0
2012-11-30,-382.0
2012-12-07,-19.0
2012-12-14,122.0
2012-12-21,402.0
2012-12-28,-102.0
2013-01-04,-736.0
2013-01-11,-194.0
2013-01-18,462.0
2013-01-25,500.0
2013-02-01,337.0
2013-02-08,495.0
2013-02-15,571.0
2013-02-22,522.0
2013-03-01,351.0
2013-03-08,596.0
2013-03-15,316.0
2013-03-22,828.0
2013-03-29,213.0
2013-04-05,406.0
2013-04-12,577.0
2013-04-19,808.0
2013-04-26,905.0
2013-05-03,649.0
2013-05-10,488.0
2013-05-17,640.0
2013-05-24,662.0
2013-05-31,505.0
2013-06-07,658.0
2013-06-14,445.0
2013-06-21,349.0
2013-06-28,505.0
2013-07-05,702.0
2013-07-12,60.0
2013-07-19,463.0
2013-07-26,452.0
2013-08-02,384.0
2013-08-09,341.0
2013-08-16,574.0
2013-08-23,502.0
2013-08-30,392.0
2013-09-06,68.0
2013-09-13,310.0
2013-09-20,204.0
2013-09-27,52.0
2013-10-04,231.0
2013-10-11,483.0
2013-10-18,386.0
2013-10-25,506.0
2013-11-01,458.0
2013-11-08,676.0
2013-11-15,783.0
2013-11-22,633.0
2013-11-29,579.0
2013-12-06,426.0
2013-12-13,408.0
2013-12-20,771.0
2013-12-27,-237.0
2014-01-03,-510.0
2014-01-10,-135.0
2014-01-17,484.0
2014-01-24,435.0
2014-01-31,497.0
2014-02-07,711.0
2014-02-14,528.0
2014-02-21,605.0
2014-02-28,907.0
2014-03-07,797.0
2014-03-14,890.0
2014-03-21,941.0
2014-03-28,928.0
2014-04-04,1401.0
2014-04-11,1037.0
2014-04-18,1059.0
2014-04-25,1248.0
2014-05-02,1256.0
2014-05-09,1689.0
2014-05-16,1605.0
2014-05-23,1683.0
2014-05-30,1377.0
2014-06-06,1199.0
2014-06-13,1412.0
2014-06-20,1297.0
2014-06-27,1326.0
2014-07-04,1280.0
2014-07-11,1029.0
2014-07-18,799.0
2014-07-25,928.0
2014-08-01,1262.0
2014-08-08,1337.0
2014-08-15,982.0
2014-08-22,1091.0
2014-08-29,661.0
2014-09-05,479.0
2014-09-12,650.0
2014-09-19,1121.0
2014-09-26,828.0
2014-10-03,442.0
2014-10-10,1008.0
2014-10-17,914.0
2014-10-24,1016.0
2014-10-31,630.0
2014-11-07,234.0
2014-11-14,363.0
2014-11-21,235.0
2014-11-28,179.0
2014-12-05,8.0
2014-12-12,234.0
2014-12-19,445.0
2014-12-26,192.0
2015-01-02,-558.0
2015-01-09,-219.0
2015-01-16,878.0
2015-01-23,684.0
2015-01-30,699.0
2015-02-06,643.0
2015-02-13,484.0
2015-02-20,887.0
2015-02-27,763.0
2015-03-06,793.0
2015-03-13,858.0
2015-03-20,992.0
2015-03-27,1045.0
2015-04-03,724.0
2015-04-10,1117.0
2015-04-17,954.0
2015-04-24,839.0
2015-05-01,767.0
2015-05-08,995.0
2015-05-15,921.0
2015-05-22,1054.0
2015-05-29,1029.0
2015-06-05,794.0
2015-06-12,844.0
2015-06-19,622.0
2015-06-26,819.0
2015-07-03,686.0
2015-07-10,700.0
2015-07-17,743.0
2015-07-24,861.0
2015-07-31,523.0
2015-08-07,862.0
2015-08-14,1077.0
2015-08-21,710.0
2015-08-28,1036.0
2015-09-04,953.0
2015-09-11,664.0
2015-09-18,549.0
2015-09-25,552.0
2015-10-02,563.0
2015-10-09,1118.0
2015-10-16,1058.0
2015-10-23,1201.0
2015-10-30,821.0
2015-11-06,589.0
2015-11-13,648.0
2015-11-20,321.0
2015-11-27,153.0
2015-12-04,-60.0
2015-12-11,450.0
2015-12-18,62.0
2015-12-25,496.0
2016-01-01,-702.0
2016-01-08,-691.0
2016-01-15,-54.0
2016-01-22,331.0
2016-01-29,-268.0
2016-02-05,408.0
2016-02-12,328.0
2016-02-19,561.0
2016-02-26,710.0
2016-03-04,848.0
2016-03-11,663.0
2016-03-18,804.0
2016-03-25,731.0
2016-04-01,607.0
2016-04-08,819.0
2016-04-15,536.0
2016-04-22,662.0
2016-04-29,684.0
2016-05-06,720.0
2016-05-13,827.0
2016-05-20,559.0
2016-05-27,942.0
2016-06-03,586.0
2016-06-10,806.0
2016-06-17,537.0
2016-06-24,847.0
2016-07-01,961.0
2016-07-08,806.0
2016-07-15,701.0
2016-07-22,692.0
2016-07-29,1086.0
2016-08-05,1313.0
2016-08-12,1122.0
2016-08-19,642.0
2016-08-26,877.0
2016-09-02,1039.0
2016-09-09,686.0
2016-09-16,581.0
2016-09-23,802.0
2016-09-30,924.0
2016-10-07,1058.0
2016-10-14,1009.0
2016-10-21,989.0
2016-10-28,929.0
2016-11-04,920.0
2016-11-11,233.0
2016-11-18,400.0
2016-11-25,531.0
2016-12-02,196.0
2016-12-09,274.0
2016-12-16,607.0
2016-12-23,505.0
2016-12-30,-680.0
2017-01-06,-514.0
2017-01-13,-219.0
2017-01-20,-241.0
2017-01-27,-333.0
2017-02-03,432.0
2017-02-10,295.0
2017-02-17,283.0
2017-02-24,322.0
2017-03-03,667.0
2017-03-10,910.0
2017-03-17,657.0
2017-03-24,579.0
2017-03-31,442.0
2017-04-07,698.0
2017-04-14,379.0
2017-04-21,345.0
2017-04-28,667.0
2017-05-05,856.0
2017-05-12,810.0
2017-05-19,706.0
2017-05-26,762.0
2017-06-02,251.0
2017-06-09,424.0
2017-06-16,572.0
2017-06-23,824.0
2017-06-30,816.0
2017-07-07,764.0
2017-07-14,687.0
2017-07-21,761.0
2017-07-28,831.0
2017-08-04,318.0
2017-08-11,593.0
2017-08-18,761.0
2017-08-25,538.0
2017-09-01,980.0
2017-09-08,1208.0
2017-09-15,699.0
2017-09-22,514.0
2017-09-29,703.0
2017-10-06,550.0
2017-10-13,658.0
2017-10-20,824.0
2017-10-27,947.0
2017-11-03,968.0
2017-11-10,302.0
2017-11-17,475.0
2017-11-24,357.0
2017-12-01,-288.0
2017-12-08,89.0
2017-12-15,290.0
2017-12-22,295.0
2017-12-29,-455.0
2018-01-05,-757.0
2018-01-12,-137.0
2018-01-19,-218.0
2018-01-26,414.0
2018-02-02,104.0
2018-02-09,321.0
2018-02-16,422.0
2018-02-23,223.0
2018-03-02,595.0
2018-03-09,934.0
2018-03-16,677.0
2018-03-23,925.0
2018-03-30,748.0
2018-04-06,551.0
2018-04-13,727.0
2018-04-20,657.0
2018-04-27,747.0
2018-05-04,648.0
2018-05-11,1024.0
2018-05-18,692.0
2018-05-25,654.0
2018-06-01,161.0
2018-06-08,682.0
2018-06-15,449.0
2018-06-22,627.0
2018-06-29,755.0
2018-07-06,529.0
2018-07-13,782.0
2018-07-20,900.0
2018-07-27,978.0
2018-08-03,646.0
2018-08-10,577.0
2018-08-17,538.0
2018-08-24,639.0
2018-08-31,616.0
2018-09-07,520.0
2018-09-14,549.0
2018-09-21,535.0
2018-09-28,649.0
2018-10-05,301.0
2018-10-12,560.0
2018-10-19,992.0
2018-10-26,962.0
2018-11-02,602.0
2018-11-09,810.0
2018-11-16,505.0
2018-11-23,488.0
2018-11-30,-46.0
2018-12-07,25.0
2018-12-14,245.0
2018-12-21,201.0
2018-12-28,-576.0
2019-01-04,-923.0
2019-01-11,-351.0
2019-01-18,191.0
2019-01-25,196.0
2019-02-01,500.0
2019-02-08,435.0
2019-02-15,830.0
2019-02-22,746.0
2019-03-01,585.0
2019-03-08,1108.0
2019-03-15,1049.0
2019-03-22,1105.0
2019-03-29,1133.0
2019-04-05,1499.0
2019-04-12,1198.0
2019-04-19,1027.0
2019-04-26,642.0
2019-05-03,819.0
2019-05-10,1232.0
2019-05-17,1052.0
2019-05-24,758.0
2019-05-31,611.0
2019-06-07,580.0
2019-06-14,757.0
2019-06-21,858.0
2019-06-28,589.0
2019-07-05,755.0
2019-07-12,335.0
2019-07-19,874.0
2019-07-26,870.0
2019-08-02,589.0
2019-08-09,813.0
2019-08-16,737.0
2019-08-23,1019.0
2019-08-30,866.0
2019-09-06,658.0
2019-09-13,439.0
2019-09-20,720.0
2019-09-27,634.0
2019-10-04,643.0
2019-10-11,832.0
2019-10-18,977.0
2019-10-25,885.0
2019-11-01,791.0
2019-11-08,681.0
2019-11-15,328.0
2019-11-22,294.0
2019-11-29,-98.0
2019-12-06,-374.0
2019-12-13,172.0
2019-12-20,366.0
2019-12-27,75.0
2020-01-03,-879.0
2020-01-10,-112.0
2020-01-17,87.0
2020-01-24,417.0
2020-01-31,727.0
2020-02-07,527.0
2020-02-14,626.0
2020-02-21,718.0
2020-02-28,845.0
2020-03-06,1199.0
2020-03-13,1027.0
2020-03-20,921.0
2020-03-27,-905.0
2020-04-03,-1321.0
2020-04-10,-370.0
2020-04-17,-18.0
2020-04-24,543.0
2020-05-01,281.0
2020-05-08,472.0
2020-05-15,214.0
2020-05-22,471.0
2020-05-29,301.0
2020-06-05,547.0
2020-06-12,606.0
2020-06-19,957.0
2020-06-26,686.0
2020-07-03,1029.0
2020-07-10,631.0
2020-07-17,772.0
2020-07-24,663.0
2020-07-31,221.0
2020-08-07,852.0
2020-08-14,1106.0
2020-08-21,661.0
2020-08-28,1027.0
2020-09-04,992.0
2020-09-11,833.0
2020-09-18,705.0
2020-09-25,565.0
2020-10-02,289.0
2020-10-09,462.0
2020-10-16,202.0
2020-10-23,731.0
2020-10-30,321.0
2020-11-06,489.0
2020-11-13,233.0
2020-11-20,210.0
2020-11-27,98.0
2020-12-04,-99.0
2020-12-11,552.0
2020-12-18,607.0
2020-12-25,746.0
2021-01-01,-467.0
2021-01-08,-542.0
2021-01-15,353.0
2021-01-22,211.0
2021-01-29,-112.0
2021-02-05,208.0
2021-02-12,270.0
2021-02-19,733.0
2021-02-26,2290.0
2021-03-05,1572.0
2021-03-12,1019.0
2021-03-19,634.0
2021-03-26,976.0
2021-04-02,617.0
2021-04-09,874.0
2021-04-16,1036.0
2021-04-23,1093.0
2021-04-30,910.0
2021-05-07,804.0
2021-05-14,1300.0
2021-05-21,901.0
2021-05-28,947.0
2021-06-04,506.0
2021-06-11,424.0
2021-06-18,968.0
2021-06-25,1061.0
2021-07-02,1226.0
2021-07-09,708.0
2021-07-16,842.0
2021-07-23,1220.0
2021-07-30,1048.0
2021-08-06,719.0
2021-08-13,711.0
2021-08-20,845.0
2021-08-27,718.0
2021-09-03,1150.0
2021-09-10,945.0
2021-09-17,620.0
2021-09-24,436.0
2021-10-01,515.0
2021-10-08,513.0
2021-10-15,976.0
2021-10-22,661.0
2021-10-29,408.0
2021-11-05,370.0
2021-11-12,536.0
2021-11-19,377.0
2021-11-26,104.0
2021-12-03,-419.0
2021-12-10,279.0
2021-12-17,-240.0
2021-12-24,176.0
2021-12-31,-827.0
2022-01-07,-869.0
2022-01-14,-267.0
2022-01-21,-215.0
2022-01-28,110.0
2022-02-04,366.0
2022-02-11,554.0
2022-02-18,592.0
2022-02-25,662.0
2022-03-04,1030.0
2022-03-11,917.0
2022-03-18,761.0
2022-03-25,526.0
2022-04-01,459.0
2022-04-08,916.0
2022-04-15,338.0
2022-04-22,892.0
2022-04-29,1496.0
2022-05-06,1241.0
2022-05-13,1292.0
2022-05-20,1175.0
2022-05-27,986.0
2022-06-03,668.0
2022-06-10,672.0
2022-06-17,686.0
2022-06-24,529.0
2022-07-01,714.0
2022-07-08,602.0
2022-07-15,627.0
2022-07-22,556.0
2022-07-29,914.0
2022-08-05,885.0
2022-08-12,983.0
2022-08-19,868.0
2022-08-26,879.0
2022-09-02,891.0
2022-09-09,741.0
2022-09-16,780.0
2022-09-23,659.0
2022-09-30,439.0
2022-10-07,393.0
2022-10-14,797.0
2022-10-21,834.0
2022-10-28,653.0
2022-11-04,312.0
2022-11-11,421.0
2022-11-18,307.0
2022-11-25,344.0
2022-12-02,-310.0
2022-12-09,13.0
2022-12-16,107.0
2022-12-23,578.0
2022-12-30,435.0
2023-01-06,-73.0
2023-01-13,256.0
2023-01-20,18.0
2023-01-27,-156.0
2023-02-03,-271.0
2023-02-10,424.0
2023-02-17,-28.0
2023-02-24,466.0
2023-03-03,580.0
2023-03-10,499.0
2023-03-17,1178.0
2023-03-24,990.0
2023-03-31,631.0
2023-04-07,592.0
2023-04-14,595.0
2023-04-21,830.0
2023-04-28,937.0
2023-05-05,711.0
2023-05-12,850.0
2023-05-19,812.0
2023-05-26,814.0
2023-06-02,-78.0
2023-06-09,565.0
2023-06-16,410.0
2023-06-23,206.0
2023-06-30,692.0
2023-07-07,597.0
2023-07-14,673.0
2023-07-21,803.0
2023-07-28,1036.0
2023-08-04,806.0
2023-08-11,767.0
2023-08-18,688.0
2023-08-25,957.0
2023-09-01,702.0
2023-09-08,570.0
2023-09-15,750.0
2023-09-22,721.0
2023-09-29,698.0
2023-10-06,726.0
2023-10-13,748.0
2023-10-20,750.0
2023-10-27,717.0
2024-04-26,1320.0
2024-05-31,311.0
2024-07-19,1191.0
2025-01-17,-166.0
2024-11-22,111.0
2023-12-29,-870.0
2024-04-19,1189.0
2026-02-20,402.0
2026-03-06,712.0
2026-03-20,420.0
2025-09-26,216.0
2026-02-06,40.0
2024-10-25,918.0
2024-06-07,403.0
2023-12-15,229.0
2025-05-09,872.0
2026-02-27,362.0
2024-11-29,-8.0
2025-10-17,930.0
2026-05-01,770.0
2025-10-03,630.0
2025-05-30,255.0
2025-05-02,478.0
2026-05-15,751.0
2025-09-19,2435.0
2024-08-02,2577.0
2025-03-14,2568.0
2025-10-10,2414.0
2025-11-07,2413.0
2024-09-06,2410.0
2025-05-23,2538.0
2025-08-22,2629.0
2026-05-29,2322.0
2026-05-22,2442.0
2024-05-03,2529.0
2024-08-30,2439.0
2024-07-26,2614.0
2024-11-08,2524.0
2025-04-18,2543.0
2025-01-03,2123.0
2024-04-12,2448.0
2024-02-23,2408.0
2024-03-01,2434.0
2024-09-20,2426.0
2024-09-27,2251.0
2025-07-04,2480.0
2025-07-25,2578.0
2024-06-28,2560.0
2024-07-05,2605.0
2025-05-16,2440.0
2024-07-12,2471.0
2025-08-15,2625.0
2025-12-19,2478.0
2025-01-31,2311.0
2024-02-16,2328.0
2024-08-23,2502.0
2026-01-23,2352.0
2026-03-27,2501.0
2025-08-29,2495.0
2026-01-02,2114.0
2026-01-09,2233.0
2024-10-04,2437.0
2026-03-13,2331.0
2026-04-03,2430.0
2026-01-16,2256.0
2024-01-26,2253.0
2024-01-12,2324.0
2024-05-24,2556.0
2024-02-02,2313.0
2024-10-11,2459.0
2024-02-09,2436.0
2025-01-24,2208.0
2024-01-19,2401.0
2025-04-25,2437.0
2025-02-07,2344.0
2025-04-04,2442.0
2024-05-10,2577.0
2025-11-21,2327.0
2023-12-22,2469.0
2024-09-13,2457.0
2024-12-27,2389.0
2024-06-14,2580.0
2025-12-26,2371.0
2025-06-20,2475.0
2024-12-13,2522.0
2025-03-28,2509.0
2024-12-06,2417.0
2024-12-20,2550.0
2025-12-12,2388.0
2024-10-18,2492.0
2025-02-14,2151.0
2025-03-07,2373.0
2025-07-11,2418.0
2024-11-15,2409.0
2026-01-30,2156.0
2025-07-18,2646.0
2024-03-29,2482.0
2026-02-13,2310.0
2025-01-10,2234.0
2024-04-05,2520.0
2025-06-13,2446.0
2025-08-01,2630.0
2025-08-08,2582.0
2023-12-08,2339.0
2025-02-28,2515.0
2025-04-11,2499.0
2024-05-17,2550.0
2025-06-27,2581.0
2024-01-05,2091.0
2023-11-03,2442.0
2024-08-09,2534.0
2026-04-10,2363.0
2023-11-24,2378.0
2024-03-08,2408.0
2023-12-01,2341.0
2026-04-17,2452.0
2023-11-10,2579.0
2024-06-21,2537.0
2026-05-08,2349.0
2025-10-31,2386.0
2024-03-22,2252.0
2024-11-01,2511.0
2025-09-05,2422.0
2025-02-21,2115.0
2026-04-24,2409.0
2025-11-14,2318.0
2023-11-17,2472.0
2025-11-28,2185.0
2025-09-12,2461.0
2024-03-15,2364.0
2024-08-16,2464.0
2025-06-06,2440.0
2025-03-21,2469.0
2025-10-24,2506.0
2025-12-05,2304.0
2004-04-09,
2004-04-16,
2004-04-23,
2004-04-30,
2004-05-07,
2004-05-14,
2004-05-21,
2004-05-28,
2004-06-04,
2004-06-11,
2004-06-18,
2004-06-25,
2004-07-02,
2004-07-09,
2004-07-16,
2004-07-23,
2004-07-30,
2004-08-06,
2004-08-13,
2004-08-20,
2004-08-27,
2004-09-03,
2004-09-10,
2004-09-17,
2004-09-24,
2004-10-01,
2004-10-08,
2004-10-15,
2004-10-22,
2004-10-29,
2004-11-05,
2004-11-12,
2004-11-19,
2004-11-26,
2004-12-03,
2004-12-10,
2004-12-17,
2004-12-24,
2004-12-31,
2005-01-07,
2005-01-14,
2005-01-21,
2005-01-28,
2005-02-04,
2005-02-11,
2005-02-18,
2005-02-25,
2005-03-04,
2005-03-11,
2005-03-18,
2005-03-25,
2005-04-01,
2005-04-08,
2005-04-15,
2005-04-22,
2005-04-29,
2005-05-06,
2005-05-13,
2005-05-20,
2005-05-27,
2005-06-03,
2005-06-10,
2005-06-17,
2005-06-24,
2005-07-01,
2005-07-08,
2005-07-15,
2005-07-22,
2005-07-29,
2005-08-05,
2005-08-12,
2005-08-19,
2005-08-26,
2005-09-02,
2005-09-09,
2005-09-16,
2005-09-23,
2005-09-30,
2005-10-07,
2005-10-14,
2005-10-21,
2005-10-28,
2005-11-04,
2005-11-11,
2005-11-18,
2005-11-25,
2005-12-02,
2005-12-09,
2005-12-16,
2005-12-23,
2005-12-30,
2006-01-06,
2006-01-13,
2006-01-20,
2006-01-27,
2006-02-03,
2006-02-10,
2006-02-17,
2006-02-24,
2006-03-03,
2006-03-10,
2006-03-17,
2006-03-24,
2006-03-31,
2006-04-07,
2006-04-14,
2006-04-21,
2006-04-28,
2006-05-05,
2006-05-12,
2006-05-19,
2006-05-26,
2006-06-02,
2006-06-09,
2006-06-16,
2006-06-23,
2006-06-30,
2006-07-07,
2006-07-14,
2006-07-21,
2006-07-28,
2006-08-04,
2006-08-11,
2006-08-18,
2006-08-25,
2006-09-01,
2006-09-08,
2006-09-15,
2006-09-22,
2006-09-29,
2006-10-06,
2006-10-13,
2006-10-20,
2006-10-27,
2006-11-03,
2006-11-10,
2006-11-17,
2006-11-24,
2006-12-01,
2006-12-08,
2006-12-15,
2006-12-22,
2006-12-29,
2007-01-05,
2007-01-12,
2007-01-19,
2007-01-26,
2007-02-02,
2007-02-09,
2007-02-16,
2007-02-23,
2007-03-02,
2007-03-09,
2007-03-16,
2007-03-23,
2007-03-30,
2007-04-06,
2007-04-13,
2007-04-20,
2007-04-27,
2007-05-04,
2007-05-11,
2007-05-18,
2007-05-25,
2007-06-01,
2007-06-08,
2007-06-15,
2007-06-22,
2007-06-29,
2007-07-06,
2007-07-13,
2007-07-20,
2007-07-27,
2007-08-03,
2007-08-10,
2007-08-17,
2007-08-24,
2007-08-31,
2007-09-07,
2007-09-14,
2007-09-21,
2007-09-28,
2007-10-05,
2007-10-12,
2007-10-19,
2007-10-26,
2007-11-02,
2007-11-09,
2007-11-16,
2007-11-23,
2007-11-30,
2007-12-07,
2007-12-14,
2007-12-21,
2007-12-28,
2008-01-04,
2008-01-11,
2008-01-18,
2008-01-25,
2008-02-01,
2008-02-08,
2008-02-15,
2008-02-22,
2008-02-29,
2008-03-07,
2008-03-14,
2008-03-21,
2008-03-28,
2008-04-04,
2008-04-11,
2008-04-18,
2008-04-25,
2008-05-02,
2008-05-09,
2008-05-16,
2008-05-23,
2008-05-30,
2008-06-06,
2008-06-13,
2008-06-20,
2008-06-27,
2008-07-04,
2008-07-11,
2008-07-18,
2008-07-25,
2008-08-01,
2008-08-08,
2008-08-15,
2008-08-22,
2008-08-29,
2008-09-05,
2008-09-12,
2008-09-19,
2008-09-26,
2008-10-03,
2008-10-10,
2008-10-17,
2008-10-24,
2008-10-31,
2008-11-07,
2008-11-14,
2008-11-21,
2008-11-28,
2008-12-05,
2008-12-12,
2008-12-19,
2008-12-26,
2009-01-02,
2009-01-09,
2009-01-16,
2009-01-23,
2009-01-30,
2009-02-06,
2009-02-13,
2009-02-20,
2009-02-27,
2009-03-06,
2009-03-13,
2009-03-20,
2009-03-27,
2009-04-03,
2009-04-10,
2009-04-17,
2009-04-24,
2009-05-01,
2009-05-08,
2009-05-15,
2009-05-22,
2009-05-29,
2009-06-05,
2009-06-12,
2009-06-19,
2009-06-26,
2009-07-03,
2009-07-10,
2009-07-17,
2009-07-24,
2009-07-31,
2009-08-07,
2009-08-14,
2009-08-21,
2009-08-28,
2009-09-04,
2009-09-11,
2009-09-18,
2009-09-25,
2009-10-02,
2009-10-09,
2009-10-16,
2009-10-23,
2009-10-30,
2009-11-06,
2009-11-13,
2009-11-20,
2009-11-27,
2009-12-04,
2009-12-11,
2009-12-18,
2009-12-25,
2010-01-01,
2010-01-08,
2010-01-15,
2010-01-22,
2010-01-29,
2010-02-05,
2010-02-12,
2010-02-19,
2010-02-26,
2010-03-05,
2010-03-12,
2010-03-19,
2010-03-26,
2010-04-02,
2010-04-09,
2010-04-16,
2010-04-23,
2010-04-30,
2010-05-07,
2010-05-14,
2010-05-21,
2010-05-28,
2010-06-04,1752.0
2010-06-11,1889.0
2010-06-18,1905.0
2010-06-25,1935.0
2010-07-02,1991.0
2010-07-09,1894.0
2010-07-16,1939.0
2010-07-23,1956.0
2010-07-30,1955.0
2010-08-06,1886.0
2010-08-13,1809.0
2010-08-20,2011.0
2010-08-27,1985.0
2010-09-03,2037.0
2010-09-10,1818.0
2010-09-17,1937.0
2010-09-24,2068.0
2010-10-01,2008.0
2010-10-08,1991.0
2010-10-15,2073.0
2010-10-22,2053.0
2010-10-29,2091.0
2010-11-05,2070.0
2010-11-12,2080.0
2010-11-19,1961.0
2010-11-26,1989.0
2010-12-03,1904.0
2010-12-10,1763.0
2010-12-17,1992.0
2010-12-24,2109.0
2010-12-31,1761.0
2011-01-07,1731.0
2011-01-14,1632.0
2011-01-21,1821.0
2011-01-28,1868.0
2011-02-04,1815.0
2011-02-11,1992.0
2011-02-18,1935.0
2011-02-25,2070.0
2011-03-04,2025.0
2011-03-11,1994.0
2011-03-18,2055.0
2011-03-25,1999.0
2011-04-01,2171.0
2011-04-08,2166.0
2011-04-15,2211.0
2011-04-22,2109.0
2011-04-29,2168.0
2011-05-06,2016.0
2011-05-13,1807.0
2011-05-20,2026.0
2011-05-27,2037.0
2011-06-03,1992.0
2011-06-10,2036.0
2011-06-17,2231.0
2011-06-24,2069.0
2011-07-01,2085.0
2011-07-08,1975.0
2011-07-15,2067.0
2011-07-22,1958.0
2011-07-29,2171.0
2011-08-05,2195.0
2011-08-12,2216.0
2011-08-19,2062.0
2011-08-26,2198.0
2011-09-02,2067.0
2011-09-09,1964.0
2011-09-16,1932.0
2011-09-23,1779.0
2011-09-30,1874.0
2011-10-07,1870.0
2011-10-14,1964.0
2011-10-21,2083.0
2011-10-28,2031.0
2011-11-04,1985.0
2011-11-11,2030.0
2011-11-18,2019.0
2011-11-25,1897.0
2011-12-02,1753.0
2011-12-09,1927.0
2011-12-16,2107.0
2011-12-23,2051.0
2011-12-30,2003.0
2012-01-06,1891.0
2012-01-13,1849.0
2012-01-20,1881.0
2012-01-27,1860.0
2012-02-03,1966.0
2012-02-10,2042.0
2012-02-17,1935.0
2012-02-24,2012.0
2012-03-02,2024.0
2012-03-09,2012.0
2012-03-16,1933.0
2012-03-23,2054.0
2012-03-30,2064.0
2012-04-06,2088.0
2012-04-13,2087.0
2012-04-20,1963.0
2012-04-27,2006.0
2012-05-04,2088.0
2012-05-11,2139.0
2012-05-18,2179.0
2012-05-25,2182.0
2012-06-01,2036.0
2012-06-08,2282.0
2012-06-15,2136.0
2012-06-22,2147.0
2012-06-29,2173.0
2012-07-06,2148.0
2012-07-13,2101.0
2012-07-20,2134.0
2012-07-27,2200.0
2012-08-03,2241.0
2012-08-10,2149.0
2012-08-17,2089.0
2012-08-24,2143.0
2012-08-31,2179.0
2012-09-07,1962.0
2012-09-14,2054.0
2012-09-21,1998.0
2012-09-28,1969.0
2012-10-05,1909.0
2012-10-12,1829.0
2012-10-19,1998.0
2012-10-26,2017.0
2012-11-02,2135.0
2012-11-09,2076.0
2012-11-16,2110.0
2012-11-23,2034.0
2012-11-30,1911.0
2012-12-07,1931.0
2012-12-14,1911.0
2012-12-21,2031.0
2012-12-28,1830.0
2013-01-04,1689.0
2013-01-11,1923.0
2013-01-18,1894.0
2013-01-25,1811.0
2013-02-01,1856.0
2013-02-08,1929.0
2013-02-15,1921.0
2013-02-22,1930.0
2013-03-01,1988.0
2013-03-08,1915.0
2013-03-15,1985.0
2013-03-22,2191.0
2013-03-29,1990.0
2013-04-05,2215.0
2013-04-12,2084.0
2013-04-19,2124.0
2013-04-26,2219.0
2013-05-03,2148.0
2013-05-10,2095.0
2013-05-17,2233.0
2013-05-24,2204.0
2013-05-31,2120.0
2013-06-07,2176.0
2013-06-14,2127.0
2013-06-21,2095.0
2013-06-28,2178.0
2013-07-05,2190.0
2013-07-12,2044.0
2013-07-19,2179.0
2013-07-26,2198.0
2013-08-02,2210.0
2013-08-09,2080.0
2013-08-16,2197.0
2013-08-23,2200.0
2013-08-30,2091.0
2013-09-06,2087.0
2013-09-13,1974.0
2013-09-20,1947.0
2013-09-27,2048.0
2013-10-04,2078.0
2013-10-11,2143.0
2013-10-18,2123.0
2013-10-25,2229.0
2013-11-01,2116.0
2013-11-08,2228.0
2013-11-15,2155.0
2013-11-22,2105.0
2013-11-29,2061.0
2013-12-06,2072.0
2013-12-13,2003.0
2013-12-20,2025.0
2013-12-27,1930.0
2014-01-03,1749.0
2014-01-10,1786.0
2014-01-17,1915.0
2014-01-24,1880.0
2014-01-31,1860.0
2014-02-07,1959.0
2014-02-14,1945.0
2014-02-21,1906.0
2014-02-28,1993.0
2014-03-07,2016.0
2014-03-14,2054.0
2014-03-21,2012.0
2014-03-28,2079.0
2014-04-04,2384.0
2014-04-11,2068.0
2014-04-18,2110.0
2014-04-25,2225.0
2014-05-02,2079.0
2014-05-09,2230.0
2014-05-16,2339.0
2014-05-23,2286.0
2014-05-30,2200.0
2014-06-06,2150.0
2014-06-13,2297.0
2014-06-20,2231.0
2014-06-27,2358.0
2014-07-04,2295.0
2014-07-11,2255.0
2014-07-18,2245.0
2014-07-25,2265.0
2014-08-01,2228.0
2014-08-08,2245.0
2014-08-15,2203.0
2014-08-22,2277.0
2014-08-29,2112.0
2014-09-05,2206.0
2014-09-12,2027.0
2014-09-19,2092.0
2014-09-26,2064.0
2014-10-03,1939.0
2014-10-10,2186.0
2014-10-17,2177.0
2014-10-24,2153.0
2014-10-31,2061.0
2014-11-07,2036.0
2014-11-14,2076.0
2014-11-21,2045.0
2014-11-28,2060.0
2014-12-05,2058.0
2014-12-12,2077.0
2014-12-19,2180.0
2014-12-26,2044.0
2015-01-02,1756.0
2015-01-09,1894.0
2015-01-16,2129.0
2015-01-23,2079.0
2015-01-30,2063.0
2015-02-06,1920.0
2015-02-13,2021.0
2015-02-20,2151.0
2015-02-27,2155.0
2015-03-06,2009.0
2015-03-13,2098.0
2015-03-20,2158.0
2015-03-27,2125.0
2015-04-03,2067.0
2015-04-10,2273.0
2015-04-17,2192.0
2015-04-24,2173.0
2015-05-01,2177.0
2015-05-08,2174.0
2015-05-15,2338.0
2015-05-22,2330.0
2015-05-29,2243.0
2015-06-05,2222.0
2015-06-12,2210.0
2015-06-19,2294.0
2015-06-26,2297.0
2015-07-03,2170.0
2015-07-10,2258.0
2015-07-17,2305.0
2015-07-24,2341.0
2015-07-31,2291.0
2015-08-07,2335.0
2015-08-14,2396.0
2015-08-21,2330.0
2015-08-28,2415.0
2015-09-04,2336.0
2015-09-11,2171.0
2015-09-18,2260.0
2015-09-25,2257.0
2015-10-02,2162.0
2015-10-09,2191.0
2015-10-16,2273.0
2015-10-23,2346.0
2015-10-30,2317.0
2015-11-06,2247.0
2015-11-13,2118.0
2015-11-20,2133.0
2015-11-27,2039.0
2015-12-04,2037.0
2015-12-11,2162.0
2015-12-18,2197.0
2015-12-25,2247.0
2016-01-01,2004.0
2016-01-08,1898.0
2016-01-15,2102.0
2016-01-22,2156.0
2016-01-29,1861.0
2016-02-05,2213.0
2016-02-12,2158.0
2016-02-19,2247.0
2016-02-26,2267.0
2016-03-04,2294.0
2016-03-11,2322.0
2016-03-18,2275.0
2016-03-25,2317.0
2016-04-01,2381.0
2016-04-08,2214.0
2016-04-15,2240.0
2016-04-22,2440.0
2016-04-29,2410.0
2016-05-06,2335.0
2016-05-13,2343.0
2016-05-20,2343.0
2016-05-27,2508.0
2016-06-03,2430.0
2016-06-10,2401.0
2016-06-17,2384.0
2016-06-24,2374.0
2016-07-01,2468.0
2016-07-08,2275.0
2016-07-15,2424.0
2016-07-22,2458.0
2016-07-29,2505.0
2016-08-05,2731.0
2016-08-12,2515.0
2016-08-19,2448.0
2016-08-26,2409.0
2016-09-02,2528.0
2016-09-09,2318.0
2016-09-16,2269.0
2016-09-23,2263.0
2016-09-30,2342.0
2016-10-07,2406.0
2016-10-14,2356.0
2016-10-21,2400.0
2016-10-28,2476.0
2016-11-04,2428.0
2016-11-11,2243.0
2016-11-18,2246.0
2016-11-25,2292.0
2016-12-02,2172.0
2016-12-09,2219.0
2016-12-16,2356.0
2016-12-23,2364.0
2016-12-30,2140.0
2017-01-06,1950.0
2017-01-13,2001.0
2017-01-20,2026.0
2017-01-27,1976.0
2017-02-03,2108.0
2017-02-10,2061.0
2017-02-17,2143.0
2017-02-24,2158.0
2017-03-03,2186.0
2017-03-10,2436.0
2017-03-17,2252.0
2017-03-24,2297.0
2017-03-31,2273.0
2017-04-07,2351.0
2017-04-14,2296.0
2017-04-21,2317.0
2017-04-28,2384.0
2017-05-05,2255.0
2017-05-12,2339.0
2017-05-19,2394.0
2017-05-26,2491.0
2017-06-02,2192.0
2017-06-09,2316.0
2017-06-16,2393.0
2017-06-23,2393.0
2017-06-30,2441.0
2017-07-07,2279.0
2017-07-14,2336.0
2017-07-21,2426.0
2017-07-28,2448.0
2017-08-04,2284.0
2017-08-11,2341.0
2017-08-18,2404.0
2017-08-25,2409.0
2017-09-01,2414.0
2017-09-08,2238.0
2017-09-15,2070.0
2017-09-22,2173.0
2017-09-29,2347.0
2017-10-06,2370.0
2017-10-13,2236.0
2017-10-20,2293.0
2017-10-27,2327.0
2017-11-03,2444.0
2017-11-10,2221.0
2017-11-17,2271.0
2017-11-24,2211.0
2017-12-01,2098.0
2017-12-08,2270.0
2017-12-15,2270.0
2017-12-22,2281.0
2017-12-29,1964.0
2018-01-05,1870.0
2018-01-12,2090.0
2018-01-19,2066.0
2018-01-26,2129.0
2018-02-02,2187.0
2018-02-09,2253.0
2018-02-16,2196.0
2018-02-23,2168.0
2018-03-02,2346.0
2018-03-09,2372.0
2018-03-16,2276.0
2018-03-23,2430.0
2018-03-30,2395.0
2018-04-06,2198.0
2018-04-13,2334.0
2018-04-20,2266.0
2018-04-27,2291.0
2018-05-04,2402.0
2018-05-11,2322.0
2018-05-18,2348.0
2018-05-25,2297.0
2018-06-01,2165.0
2018-06-08,2369.0
2018-06-15,2352.0
2018-06-22,2370.0
2018-06-29,2345.0
2018-07-06,2315.0
2018-07-13,2340.0
2018-07-20,2419.0
2018-07-27,2406.0
2018-08-03,2391.0
2018-08-10,2450.0
2018-08-17,2383.0
2018-08-24,2398.0
2018-08-31,2496.0
2018-09-07,2326.0
2018-09-14,2418.0
2018-09-21,2124.0
2018-09-28,2278.0
2018-10-05,2065.0
2018-10-12,2088.0
2018-10-19,2447.0
2018-10-26,2454.0
2018-11-02,2342.0
2018-11-09,2446.0
2018-11-16,2368.0
2018-11-23,2381.0
2018-11-30,2327.0
2018-12-07,2429.0
2018-12-14,2386.0
2018-12-21,2383.0
2018-12-28,2155.0
2019-01-04,2016.0
2019-01-11,2151.0
2019-01-18,2179.0
2019-01-25,2258.0
2019-02-01,2331.0
2019-02-08,2338.0
2019-02-15,2332.0
2019-02-22,2380.0
2019-03-01,2408.0
2019-03-08,2415.0
2019-03-15,2383.0
2019-03-22,2403.0
2019-03-29,2423.0
2019-04-05,2381.0
2019-04-12,2403.0
2019-04-19,2353.0
2019-04-26,2165.0
2019-05-03,2302.0
2019-05-10,2474.0
2019-05-17,2416.0
2019-05-24,2485.0
2019-05-31,2347.0
2019-06-07,2419.0
2019-06-14,2375.0
2019-06-21,2446.0
2019-06-28,2540.0
2019-07-05,2564.0
2019-07-12,2483.0
2019-07-19,2594.0
2019-07-26,2677.0
2019-08-02,2533.0
2019-08-09,2624.0
2019-08-16,2670.0
2019-08-23,2576.0
2019-08-30,2638.0
2019-09-06,2544.0
2019-09-13,2305.0
2019-09-20,2508.0
2019-09-27,2441.0
2019-10-04,2499.0
2019-10-11,2465.0
2019-10-18,2472.0
2019-10-25,2506.0
2019-11-01,2380.0
2019-11-08,2561.0
2019-11-15,2390.0
2019-11-22,2466.0
2019-11-29,2346.0
2019-12-06,2230.0
2019-12-13,2376.0
2019-12-20,2478.0
2019-12-27,2291.0
2020-01-03,2010.0
2020-01-10,2189.0
2020-01-17,2285.0
2020-01-24,2259.0
2020-01-31,2420.0
2020-02-07,2291.0
2020-02-14,2532.0
2020-02-21,2401.0
2020-02-28,2451.0
2020-03-06,2539.0
2020-03-13,2591.0
2020-03-20,2342.0
2020-03-27,1485.0
2020-04-03,1167.0
2020-04-10,1241.0
2020-04-17,1325.0
2020-04-24,1507.0
2020-05-01,1457.0
2020-05-08,1714.0
2020-05-15,1751.0
2020-05-22,1829.0
2020-05-29,1870.0
2020-06-05,1968.0
2020-06-12,2052.0
2020-06-19,2211.0
2020-06-26,2206.0
2020-07-03,2257.0
2020-07-10,2202.0
2020-07-17,2380.0
2020-07-24,2260.0
2020-07-31,2280.0
2020-08-07,2409.0
2020-08-14,2366.0
2020-08-21,2327.0
2020-08-28,2339.0
2020-09-04,2206.0
2020-09-11,2219.0
2020-09-18,2216.0
2020-09-25,2242.0
2020-10-02,2126.0
2020-10-09,2259.0
2020-10-16,2197.0
2020-10-23,2294.0
2020-10-30,2152.0
2020-11-06,2197.0
2020-11-13,2156.0
2020-11-20,2087.0
2020-11-27,2055.0
2020-12-04,1922.0
2020-12-11,2127.0
2020-12-18,2138.0
2020-12-25,2211.0
2021-01-01,1762.0
2021-01-08,2016.0
2021-01-15,2122.0
2021-01-22,2101.0
2021-01-29,2069.0
2021-02-05,2063.0
2021-02-12,2088.0
2021-02-19,2064.0
2021-02-26,2151.0
2021-03-05,2245.0
2021-03-12,2225.0
2021-03-19,2208.0
2021-03-26,2294.0
2021-04-02,2038.0
2021-04-09,2248.0
2021-04-16,2407.0
2021-04-23,2343.0
2021-04-30,2363.0
2021-05-07,2423.0
2021-05-14,2521.0
2021-05-21,2477.0
2021-05-28,2489.0
2021-06-04,2422.0
2021-06-11,2393.0
2021-06-18,2473.0
2021-06-25,2536.0
2021-07-02,2538.0
2021-07-09,2479.0
2021-07-16,2412.0
2021-07-23,2568.0
2021-07-30,2590.0
2021-08-06,2516.0
2021-08-13,2522.0
2021-08-20,2558.0
2021-08-27,2504.0
2021-09-03,2437.0
2021-09-10,2426.0
2021-09-17,2366.0
2021-09-24,2422.0
2021-10-01,2429.0
2021-10-08,2382.0
2021-10-15,2455.0
2021-10-22,2534.0
2021-10-29,2401.0
2021-11-05,2383.0
2021-11-12,2406.0
2021-11-19,2403.0
2021-11-26,2413.0
2021-12-03,2240.0
2021-12-10,2256.0
2021-12-17,2335.0
2021-12-24,2306.0
2021-12-31,1957.0
2022-01-07,1841.0
2022-01-14,2064.0
2022-01-21,2107.0
2022-01-28,2146.0
2022-02-04,2193.0
2022-02-11,2328.0
2022-02-18,2334.0
2022-02-25,2346.0
2022-03-04,2489.0
2022-03-11,2428.0
2022-03-18,2276.0
2022-03-25,2389.0
2022-04-01,2369.0
2022-04-08,2457.0
2022-04-15,2315.0
2022-04-22,2471.0
2022-04-29,2573.0
2022-05-06,2534.0
2022-05-13,2581.0
2022-05-20,2565.0
2022-05-27,2589.0
2022-06-03,2443.0
2022-06-10,2523.0
2022-06-17,2487.0
2022-06-24,2454.0
2022-07-01,2492.0
2022-07-08,2446.0
2022-07-15,2463.0
2022-07-22,2466.0
2022-07-29,2461.0
2022-08-05,2522.0
2022-08-12,2581.0
2022-08-19,2508.0
2022-08-26,2525.0
2022-09-02,2505.0
2022-09-09,2480.0
2022-09-16,2403.0
2022-09-23,2475.0
2022-09-30,2439.0
2022-10-07,2393.0
2022-10-14,2469.0
2022-10-21,2493.0
2022-10-28,2390.0
2022-11-04,2383.0
2022-11-11,2377.0
2022-11-18,2338.0
2022-11-25,2355.0
2022-12-02,2264.0
2022-12-09,2361.0
2022-12-16,2421.0
2022-12-23,2426.0
2022-12-30,2135.0
2023-01-06,2014.0
2023-01-13,2269.0
2023-01-20,2266.0
2023-01-27,2174.0
2023-02-03,2372.0
2023-02-10,2325.0
2023-02-17,2393.0
2023-02-24,2406.0
2023-03-03,2497.0
2023-03-10,2439.0
2023-03-17,2526.0
2023-03-24,2540.0
2023-03-31,2479.0
2023-04-07,2478.0
2023-04-14,2467.0
2023-04-21,2491.0
2023-04-28,2501.0
2023-05-05,2365.0
2023-05-12,2420.0
2023-05-19,2569.0
2023-05-26,2489.0
2023-06-02,2295.0
2023-06-09,2499.0
2023-06-16,2410.0
2023-06-23,2477.0
2023-06-30,2516.0
2023-07-07,2505.0
2023-07-14,2530.0
2023-07-21,2562.0
2023-07-28,2531.0
2023-08-04,2533.0
2023-08-11,2520.0
2023-08-18,2522.0
2023-08-25,2563.0
2023-09-01,2409.0
2023-09-08,2440.0
2023-09-15,2407.0
2023-09-22,2404.0
2023-09-29,2472.0
2023-10-06,2524.0
2023-10-13,2605.0
2023-10-20,2567.0
2023-10-27,2560.0
2024-05-31,2495.0
2024-11-22,2451.0
2023-12-29,2162.0
2025-01-17,2244.0
2024-04-26,2525.0
2024-04-19,2490.0
2024-07-19,2575.0
2026-03-06,2459.0
2026-02-20,2400.0
2025-05-09,2542.0
2023-12-15,2446.0
2026-02-06,2242.0
2024-10-25,2526.0
2026-03-20,2404.0
2025-09-26,2434.0
2024-06-07,2534.0
2026-02-27,2219.0
2025-10-17,2445.0
2024-11-29,2289.0
2026-05-01,2440.0
2025-10-03,2463.0
2025-05-02,2440.0
2025-05-30,2357.0
2026-05-15,2442.0
2025-09-19,103.0
2024-08-02,362.0
2025-03-14,4.0
2025-10-10,292.0
2025-11-07,187.0
2024-09-06,128.0
2025-05-23,423.0
2025-08-22,181.0
2026-05-29,20.0
2026-05-22,178.0
2024-05-03,385.0
2024-08-30,167.0
2024-07-26,416.0
2024-11-08,154.0
2025-04-18,394.0
2025-01-03,-444.0
2024-04-12,218.0
2024-02-23,164.0
2024-03-01,144.0
2024-09-20,204.0
2024-09-27,339.0
2025-07-04,157.0
2025-07-25,111.0
2024-06-28,295.0
2024-07-05,201.0
2025-05-16,362.0
2024-07-12,70.0
2025-08-15,156.0
2025-12-19,-88.0
2025-01-31,-70.0
2024-02-16,124.0
2024-08-23,230.0
2026-01-23,-99.0
2026-03-27,258.0
2025-08-29,229.0
2026-01-02,-394.0
2026-01-09,-316.0
2024-10-04,300.0
2026-03-13,59.0
2026-04-03,233.0
2026-01-16,-311.0
2024-01-26,-162.0
2024-01-12,-182.0
2024-05-24,304.0
2024-02-02,-98.0
2024-10-11,305.0
2024-02-09,269.0
2025-01-24,-123.0
2024-01-19,-99.0
2025-04-25,380.0
2025-02-07,-100.0
2025-04-04,227.0
2024-05-10,301.0
2025-11-21,71.0
2023-12-22,-162.0
2024-09-13,145.0
2024-12-27,-199.0
2024-06-14,221.0
2025-06-20,170.0
2024-12-13,36.0
2025-03-28,288.0
2024-12-06,-7.0
2024-12-20,1.0
2025-12-12,-122.0
2025-12-26,-153.0
2024-10-18,166.0
2025-02-14,-112.0
2025-03-07,-62.0
2025-07-11,-12.0
2024-11-15,30.0
2026-01-30,-250.0
2025-07-18,246.0
2024-03-29,57.0
2026-02-13,-46.0
2025-01-10,-264.0
2024-04-05,158.0
2025-06-13,126.0
2025-08-01,106.0
2025-08-08,143.0
2023-12-08,-64.0
2025-02-28,-39.0
2025-04-11,124.0
2024-05-17,368.0
2025-06-27,162.0
2024-01-05,-334.0
2024-08-09,381.0
2026-04-10,287.0
2023-11-24,-12.0
2024-03-08,265.0
2023-12-01,26.0
2026-04-17,439.0
2023-11-03,298.0
2023-11-10,126.0
2024-06-21,304.0
2026-05-08,343.0
2025-10-31,291.0
2024-03-22,-114.0
2024-11-01,164.0
2025-09-05,35.0
2025-02-21,-246.0
2026-04-24,377.0
2025-11-14,11.0
2023-11-17,97.0
2025-11-28,-68.0
2025-09-12,182.0
2024-03-15,-12.0
2024-08-16,174.0
2025-06-06,178.0
2025-10-24,460.0
2025-03-21,53.0
2025-12-05,-95.0
2004-04-09,
2004-04-16,
2004-04-23,
2004-04-30,
2004-05-07,
2004-05-14,
2004-05-21,
2004-05-28,
2004-06-04,
2004-06-11,
2004-06-18,
2004-06-25,
2004-07-02,
2004-07-09,
2004-07-16,
2004-07-23,
2004-07-30,
2004-08-06,
2004-08-13,
2004-08-20,
2004-08-27,
2004-09-03,
2004-09-10,
2004-09-17,
2004-09-24,
2004-10-01,
2004-10-08,
2004-10-15,
2004-10-22,
2004-10-29,
2004-11-05,
2004-11-12,
2004-11-19,
2004-11-26,
2004-12-03,
2004-12-10,
2004-12-17,
2004-12-24,
2004-12-31,
2005-01-07,
2005-01-14,
2005-01-21,
2005-01-28,
2005-02-04,
2005-02-11,
2005-02-18,
2005-02-25,
2005-03-04,
2005-03-11,
2005-03-18,
2005-03-25,
2005-04-01,
2005-04-08,
2005-04-15,
2005-04-22,
2005-04-29,
2005-05-06,
2005-05-13,
2005-05-20,
2005-05-27,
2005-06-03,
2005-06-10,
2005-06-17,
2005-06-24,
2005-07-01,
2005-07-08,
2005-07-15,
2005-07-22,
2005-07-29,
2005-08-05,
2005-08-12,
2005-08-19,
2005-08-26,
2005-09-02,
2005-09-09,
2005-09-16,
2005-09-23,
2005-09-30,
2005-10-07,
2005-10-14,
2005-10-21,
2005-10-28,
2005-11-04,
2005-11-11,
2005-11-18,
2005-11-25,
2005-12-02,
2005-12-09,
2005-12-16,
2005-12-23,
2005-12-30,
2006-01-06,
2006-01-13,
2006-01-20,
2006-01-27,
2006-02-03,
2006-02-10,
2006-02-17,
2006-02-24,
2006-03-03,
2006-03-10,
2006-03-17,
2006-03-24,
2006-03-31,
2006-04-07,
2006-04-14,
2006-04-21,
2006-04-28,
2006-05-05,
2006-05-12,
2006-05-19,
2006-05-26,
2006-06-02,
2006-06-09,
2006-06-16,
2006-06-23,
2006-06-30,
2006-07-07,
2006-07-14,
2006-07-21,
2006-07-28,
2006-08-04,
2006-08-11,
2006-08-18,
2006-08-25,
2006-09-01,
2006-09-08,
2006-09-15,
2006-09-22,
2006-09-29,
2006-10-06,
2006-10-13,
2006-10-20,
2006-10-27,
2006-11-03,
2006-11-10,
2006-11-17,
2006-11-24,
2006-12-01,
2006-12-08,
2006-12-15,
2006-12-22,
2006-12-29,
2007-01-05,
2007-01-12,
2007-01-19,
2007-01-26,
2007-02-02,
2007-02-09,
2007-02-16,
2007-02-23,
2007-03-02,
2007-03-09,
2007-03-16,
2007-03-23,
2007-03-30,
2007-04-06,
2007-04-13,
2007-04-20,
2007-04-27,
2007-05-04,
2007-05-11,
2007-05-18,
2007-05-25,
2007-06-01,
2007-06-08,
2007-06-15,
2007-06-22,
2007-06-29,
2007-07-06,
2007-07-13,
2007-07-20,
2007-07-27,
2007-08-03,
2007-08-10,
2007-08-17,
2007-08-24,
2007-08-31,
2007-09-07,
2007-09-14,
2007-09-21,
2007-09-28,
2007-10-05,
2007-10-12,
2007-10-19,
2007-10-26,
2007-11-02,
2007-11-09,
2007-11-16,
2007-11-23,
2007-11-30,
2007-12-07,
2007-12-14,
2007-12-21,
2007-12-28,
2008-01-04,
2008-01-11,
2008-01-18,
2008-01-25,
2008-02-01,
2008-02-08,
2008-02-15,
2008-02-22,
2008-02-29,
2008-03-07,
2008-03-14,
2008-03-21,
2008-03-28,
2008-04-04,
2008-04-11,
2008-04-18,
2008-04-25,
2008-05-02,
2008-05-09,
2008-05-16,
2008-05-23,
2008-05-30,
2008-06-06,
2008-06-13,
2008-06-20,
2008-06-27,
2008-07-04,
2008-07-11,
2008-07-18,
2008-07-25,
2008-08-01,
2008-08-08,
2008-08-15,
2008-08-22,
2008-08-29,
2008-09-05,
2008-09-12,
2008-09-19,
2008-09-26,
2008-10-03,
2008-10-10,
2008-10-17,
2008-10-24,
2008-10-31,
2008-11-07,
2008-11-14,
2008-11-21,
2008-11-28,
2008-12-05,
2008-12-12,
2008-12-19,
2008-12-26,
2009-01-02,
2009-01-09,
2009-01-16,
2009-01-23,
2009-01-30,
2009-02-06,
2009-02-13,
2009-02-20,
2009-02-27,
2009-03-06,
2009-03-13,
2009-03-20,
2009-03-27,
2009-04-03,
2009-04-10,
2009-04-17,
2009-04-24,
2009-05-01,
2009-05-08,
2009-05-15,
2009-05-22,
2009-05-29,
2009-06-05,
2009-06-12,
2009-06-19,
2009-06-26,
2009-07-03,
2009-07-10,
2009-07-17,
2009-07-24,
2009-07-31,
2009-08-07,
2009-08-14,
2009-08-21,
2009-08-28,
2009-09-04,
2009-09-11,
2009-09-18,
2009-09-25,
2009-10-02,
2009-10-09,
2009-10-16,
2009-10-23,
2009-10-30,
2009-11-06,
2009-11-13,
2009-11-20,
2009-11-27,
2009-12-04,
2009-12-11,
2009-12-18,
2009-12-25,
2010-01-01,
2010-01-08,
2010-01-15,
2010-01-22,
2010-01-29,
2010-02-05,
2010-02-12,
2010-02-19,
2010-02-26,
2010-03-05,
2010-03-12,
2010-03-19,
2010-03-26,
2010-04-02,
2010-04-09,
2010-04-16,
2010-04-23,
2010-04-30,
2010-05-07,
2010-05-14,
2010-05-21,
2010-05-28,
2010-06-04,118.0
2010-06-11,100.0
2010-06-18,159.0
2010-06-25,164.0
2010-07-02,183.0
2010-07-09,241.0
2010-07-16,189.0
2010-07-23,159.0
2010-07-30,159.0
2010-08-06,167.0
2010-08-13,168.0
2010-08-20,235.0
2010-08-27,265.0
2010-09-03,226.0
2010-09-10,50.0
2010-09-17,64.0
2010-09-24,278.0
2010-10-01,319.0
2010-10-08,353.0
2010-10-15,185.0
2010-10-22,376.0
2010-10-29,298.0
2010-11-05,257.0
2010-11-12,186.0
2010-11-19,194.0
2010-11-26,87.0
2010-12-03,210.0
2010-12-10,238.0
2010-12-17,168.0
2010-12-24,209.0
2010-12-31,58.0
2011-01-07,-31.0
2011-01-14,85.0
2011-01-21,101.0
2011-01-28,-9.0
2011-02-04,65.0
2011-02-11,-3.0
2011-02-18,213.0
2011-02-25,228.0
2011-03-04,167.0
2011-03-11,231.0
2011-03-18,236.0
2011-03-25,167.0
2011-04-01,217.0
2011-04-08,397.0
2011-04-15,263.0
2011-04-22,190.0
2011-04-29,266.0
2011-05-06,117.0
2011-05-13,235.0
2011-05-20,218.0
2011-05-27,307.0
2011-06-03,239.0
2011-06-10,339.0
2011-06-17,241.0
2011-06-24,170.0
2011-07-01,259.0
2011-07-08,316.0
2011-07-15,230.0
2011-07-22,267.0
2011-07-29,245.0
2011-08-05,302.0
2011-08-12,339.0
2011-08-19,252.0
2011-08-26,337.0
2011-09-02,273.0
2011-09-09,304.0
2011-09-16,253.0
2011-09-23,189.0
2011-09-30,253.0
2011-10-07,236.0
2011-10-14,131.0
2011-10-21,113.0
2011-10-28,227.0
2011-11-04,106.0
2011-11-11,155.0
2011-11-18,102.0
2011-11-25,47.0
2011-12-02,101.0
2011-12-09,104.0
2011-12-16,107.0
2011-12-23,108.0
2011-12-30,-57.0
2012-01-06,-80.0
2012-01-13,-34.0
2012-01-20,59.0
2012-01-27,47.0
2012-02-03,30.0
2012-02-10,19.0
2012-02-17,-38.0
2012-02-24,10.0
2012-03-02,-49.0
2012-03-09,66.0
2012-03-16,99.0
2012-03-23,148.0
2012-03-30,98.0
2012-04-06,158.0
2012-04-13,197.0
2012-04-20,88.0
2012-04-27,187.0
2012-05-04,106.0
2012-05-11,206.0
2012-05-18,242.0
2012-05-25,121.0
2012-06-01,215.0
2012-06-08,224.0
2012-06-15,213.0
2012-06-22,178.0
2012-06-29,193.0
2012-07-06,197.0
2012-07-13,251.0
2012-07-20,345.0
2012-07-27,279.0
2012-08-03,244.0
2012-08-10,269.0
2012-08-17,183.0
2012-08-24,201.0
2012-08-31,197.0
2012-09-07,113.0
2012-09-14,131.0
2012-09-21,243.0
2012-09-28,217.0
2012-10-05,269.0
2012-10-12,140.0
2012-10-19,208.0
2012-10-26,169.0
2012-11-02,220.0
2012-11-09,145.0
2012-11-16,106.0
2012-11-23,81.0
2012-11-30,-36.0
2012-12-07,99.0
2012-12-14,119.0
2012-12-21,183.0
2012-12-28,-15.0
2013-01-04,-47.0
2013-01-11,28.0
2013-01-18,76.0
2013-01-25,99.0
2013-02-01,-20.0
2013-02-08,24.0
2013-02-15,-12.0
2013-02-22,16.0
2013-03-01,71.0
2013-03-08,108.0
2013-03-15,158.0
2013-03-22,196.0
2013-03-29,209.0
2013-04-05,85.0
2013-04-12,200.0
2013-04-19,312.0
2013-04-26,286.0
2013-05-03,362.0
2013-05-10,336.0
2013-05-17,337.0
2013-05-24,252.0
2013-05-31,327.0
2013-06-07,312.0
2013-06-14,308.0
2013-06-21,256.0
2013-06-28,399.0
2013-07-05,367.0
2013-07-12,216.0
2013-07-19,268.0
2013-07-26,304.0
2013-08-02,174.0
2013-08-09,230.0
2013-08-16,250.0
2013-08-23,210.0
2013-08-30,306.0
2013-09-06,195.0
2013-09-13,208.0
2013-09-20,188.0
2013-09-27,103.0
2013-10-04,140.0
2013-10-11,182.0
2013-10-18,152.0
2013-10-25,123.0
2013-11-01,458.0
2013-11-08,315.0
2013-11-15,465.0
2013-11-22,318.0
2013-11-29,378.0
2013-12-06,252.0
2013-12-13,287.0
2013-12-20,411.0
2013-12-27,120.0
2014-01-03,81.0
2014-01-10,205.0
2014-01-17,243.0
2014-01-24,258.0
2014-01-31,214.0
2014-02-07,139.0
2014-02-14,262.0
2014-02-21,244.0
2014-02-28,368.0
2014-03-07,374.0
2014-03-14,501.0
2014-03-21,633.0
2014-03-28,544.0
2014-04-04,536.0
2014-04-11,586.0
2014-04-18,648.0
2014-04-25,815.0
2014-05-02,838.0
2014-05-09,944.0
2014-05-16,878.0
2014-05-23,902.0
2014-05-30,818.0
2014-06-06,526.0
2014-06-13,710.0
2014-06-20,622.0
2014-06-27,639.0
2014-07-04,611.0
2014-07-11,375.0
2014-07-18,451.0
2014-07-25,554.0
2014-08-01,593.0
2014-08-08,717.0
2014-08-15,508.0
2014-08-22,546.0
2014-08-29,441.0
2014-09-05,372.0
2014-09-12,406.0
2014-09-19,622.0
2014-09-26,420.0
2014-10-03,394.0
2014-10-10,457.0
2014-10-17,532.0
2014-10-24,497.0
2014-10-31,511.0
2014-11-07,386.0
2014-11-14,316.0
2014-11-21,343.0
2014-11-28,294.0
2014-12-05,147.0
2014-12-12,160.0
2014-12-19,192.0
2014-12-26,174.0
2015-01-02,-88.0
2015-01-09,183.0
2015-01-16,438.0
2015-01-23,364.0
2015-01-30,166.0
2015-02-06,119.0
2015-02-13,258.0
2015-02-20,269.0
2015-02-27,306.0
2015-03-06,246.0
2015-03-13,304.0
2015-03-20,396.0
2015-03-27,292.0
2015-04-03,258.0
2015-04-10,291.0
2015-04-17,320.0
2015-04-24,430.0
2015-05-01,447.0
2015-05-08,448.0
2015-05-15,407.0
2015-05-22,494.0
2015-05-29,427.0
2015-06-05,441.0
2015-06-12,492.0
2015-06-19,385.0
2015-06-26,415.0
2015-07-03,420.0
2015-07-10,347.0
2015-07-17,389.0
2015-07-24,509.0
2015-07-31,445.0
2015-08-07,544.0
2015-08-14,580.0
2015-08-21,406.0
2015-08-28,507.0
2015-09-04,398.0
2015-09-11,410.0
2015-09-18,416.0
2015-09-25,454.0
2015-10-02,581.0
2015-10-09,609.0
2015-10-16,578.0
2015-10-23,667.0
2015-10-30,555.0
2015-11-06,295.0
2015-11-13,322.0
2015-11-20,262.0
2015-11-27,240.0
2015-12-04,191.0
2015-12-11,225.0
2015-12-18,157.0
2015-12-25,279.0
2016-01-01,-112.0
2016-01-08,-176.0
2016-01-15,101.0
2016-01-22,60.0
2016-01-29,-33.0
2016-02-05,76.0
2016-02-12,183.0
2016-02-19,295.0
2016-02-26,292.0
2016-03-04,199.0
2016-03-11,241.0
2016-03-18,303.0
2016-03-25,389.0
2016-04-01,312.0
2016-04-08,459.0
2016-04-15,504.0
2016-04-22,500.0
2016-04-29,477.0
2016-05-06,377.0
2016-05-13,591.0
2016-05-20,441.0
2016-05-27,515.0
2016-06-03,403.0
2016-06-10,489.0
2016-06-17,408.0
2016-06-24,539.0
2016-07-01,497.0
2016-07-08,483.0
2016-07-15,403.0
2016-07-22,473.0
2016-07-29,498.0
2016-08-05,590.0
2016-08-12,583.0
2016-08-19,331.0
2016-08-26,302.0
2016-09-02,257.0
2016-09-09,271.0
2016-09-16,453.0
2016-09-23,391.0
2016-09-30,429.0
2016-10-07,416.0
2016-10-14,340.0
2016-10-21,431.0
2016-10-28,382.0
2016-11-04,356.0
2016-11-11,216.0
2016-11-18,415.0
2016-11-25,252.0
2016-12-02,102.0
2016-12-09,125.0
2016-12-16,257.0
2016-12-23,303.0
2016-12-30,-64.0
2017-01-06,-24.0
2017-01-13,126.0
2017-01-20,-45.0
2017-01-27,-68.0
2017-02-03,70.0
2017-02-10,126.0
2017-02-17,117.0
2017-02-24,121.0
2017-03-03,195.0
2017-03-10,193.0
2017-03-17,257.0
2017-03-24,199.0
2017-03-31,156.0
2017-04-07,286.0
2017-04-14,249.0
2017-04-21,294.0
2017-04-28,356.0
2017-05-05,469.0
2017-05-12,512.0
2017-05-19,376.0
2017-05-26,321.0
2017-06-02,298.0
2017-06-09,358.0
2017-06-16,362.0
2017-06-23,495.0
2017-06-30,440.0
2017-07-07,440.0
2017-07-14,370.0
2017-07-21,314.0
2017-07-28,436.0
2017-08-04,252.0
2017-08-11,336.0
2017-08-18,311.0
2017-08-25,353.0
2017-09-01,285.0
2017-09-08,42.0
2017-09-15,195.0
2017-09-22,227.0
2017-09-29,265.0
2017-10-06,321.0
2017-10-13,387.0
2017-10-20,352.0
2017-10-27,403.0
2017-11-03,341.0
2017-11-10,354.0
2017-11-17,312.0
2017-11-24,181.0
2017-12-01,-5.0
2017-12-08,127.0
2017-12-15,166.0
2017-12-22,161.0
2017-12-29,10.0
2018-01-05,16.0
2018-01-12,106.0
2018-01-19,56.0
2018-01-26,184.0
2018-02-02,40.0
2018-02-09,75.0
2018-02-16,126.0
2018-02-23,84.0
2018-03-02,67.0
2018-03-09,274.0
2018-03-16,199.0
2018-03-23,226.0
2018-03-30,154.0
2018-04-06,216.0
2018-04-13,213.0
2018-04-20,215.0
2018-04-27,265.0
2018-05-04,224.0
2018-05-11,406.0
2018-05-18,333.0
2018-05-25,307.0
2018-06-01,135.0
2018-06-08,357.0
2018-06-15,320.0
2018-06-22,316.0
2018-06-29,373.0
2018-07-06,423.0
2018-07-13,325.0
2018-07-20,401.0
2018-07-27,317.0
2018-08-03,211.0
2018-08-10,279.0
2018-08-17,269.0
2018-08-24,263.0
2018-08-31,240.0
2018-09-07,270.0
2018-09-14,335.0
2018-09-21,528.0
2018-09-28,481.0
2018-10-05,455.0
2018-10-12,522.0
2018-10-19,711.0
2018-10-26,603.0
2018-11-02,431.0
2018-11-09,467.0
2018-11-16,349.0
2018-11-23,139.0
2018-11-30,73.0
2018-12-07,-29.0
2018-12-14,28.0
2018-12-21,56.0
2018-12-28,-138.0
2019-01-04,-291.0
2019-01-11,-191.0
2019-01-18,-112.0
2019-01-25,-47.0
2019-02-01,76.0
2019-02-08,190.0
2019-02-15,82.0
2019-02-22,156.0
2019-03-01,200.0
2019-03-08,407.0
2019-03-15,243.0
2019-03-22,309.0
2019-03-29,358.0
2019-04-05,363.0
2019-04-12,281.0
2019-04-19,299.0
2019-04-26,349.0
2019-05-03,337.0
2019-05-10,477.0
2019-05-17,612.0
2019-05-24,526.0
2019-05-31,446.0
2019-06-07,483.0
2019-06-14,464.0
2019-06-21,368.0
2019-06-28,305.0
2019-07-05,298.0
2019-07-12,125.0
2019-07-19,298.0
2019-07-26,399.0
2019-08-02,190.0
2019-08-09,245.0
2019-08-16,268.0
2019-08-23,302.0
2019-08-30,183.0
2019-09-06,146.0
2019-09-13,144.0
2019-09-20,252.0
2019-09-27,234.0
2019-10-04,262.0
2019-10-11,237.0
2019-10-18,439.0
2019-10-25,417.0
2019-11-01,306.0
2019-11-08,285.0
2019-11-15,203.0
2019-11-22,125.0
2019-11-29,44.0
2019-12-06,-81.0
2019-12-13,136.0
2019-12-20,83.0
2019-12-27,-84.0
2020-01-03,-349.0
2020-01-10,-78.0
2020-01-17,-24.0
2020-01-24,108.0
2020-01-31,96.0
2020-02-07,-25.0
2020-02-14,56.0
2020-02-21,120.0
2020-02-28,74.0
2020-03-06,121.0
2020-03-13,87.0
2020-03-20,148.0
2020-03-27,-236.0
2020-04-03,-274.0
2020-04-10,50.0
2020-04-17,131.0
2020-04-24,178.0
2020-05-01,-28.0
2020-05-08,247.0
2020-05-15,109.0
2020-05-22,79.0
2020-05-29,127.0
2020-06-05,191.0
2020-06-12,306.0
2020-06-19,330.0
2020-06-26,243.0
2020-07-03,392.0
2020-07-10,230.0
2020-07-17,244.0
2020-07-24,254.0
2020-07-31,217.0
2020-08-07,216.0
2020-08-14,252.0
2020-08-21,182.0
2020-08-28,265.0
2020-09-04,133.0
2020-09-11,49.0
2020-09-18,319.0
2020-09-25,244.0
2020-10-02,14.0
2020-10-09,60.0
2020-10-16,-4.0
2020-10-23,202.0
2020-10-30,169.0
2020-11-06,242.0
2020-11-13,104.0
2020-11-20,84.0
2020-11-27,16.0
2020-12-04,-64.0
2020-12-11,164.0
2020-12-18,212.0
2020-12-25,253.0
2021-01-01,-211.0
2021-01-08,-291.0
2021-01-15,-38.0
2021-01-22,-6.0
2021-01-29,-69.0
2021-02-05,84.0
2021-02-12,31.0
2021-02-19,62.0
2021-02-26,333.0
2021-03-05,256.0
2021-03-12,99.0
2021-03-19,101.0
2021-03-26,267.0
2021-04-02,217.0
2021-04-09,152.0
2021-04-16,335.0
2021-04-23,291.0
2021-04-30,334.0
2021-05-07,386.0
2021-05-14,466.0
2021-05-21,332.0
2021-05-28,326.0
2021-06-04,220.0
2021-06-11,69.0
2021-06-18,256.0
2021-06-25,254.0
2021-07-02,255.0
2021-07-09,234.0
2021-07-16,220.0
2021-07-23,343.0
2021-07-30,388.0
2021-08-06,366.0
2021-08-13,243.0
2021-08-20,252.0
2021-08-27,309.0
2021-09-03,330.0
2021-09-10,161.0
2021-09-17,265.0
2021-09-24,207.0
2021-10-01,220.0
2021-10-08,241.0
2021-10-15,304.0
2021-10-22,308.0
2021-10-29,230.0
2021-11-05,222.0
2021-11-12,269.0
2021-11-19,249.0
2021-11-26,61.0
2021-12-03,-91.0
2021-12-10,-92.0
2021-12-17,-119.0
2021-12-24,173.0
2021-12-31,-344.0
2022-01-07,-311.0
2022-01-14,-143.0
2022-01-21,-246.0
2022-01-28,-104.0
2022-02-04,-64.0
2022-02-11,-146.0
2022-02-18,-16.0
2022-02-25,73.0
2022-03-04,180.0
2022-03-11,249.0
2022-03-18,173.0
2022-03-25,53.0
2022-04-01,130.0
2022-04-08,261.0
2022-04-15,195.0
2022-04-22,228.0
2022-04-29,276.0
2022-05-06,232.0
2022-05-13,343.0
2022-05-20,358.0
2022-05-27,229.0
2022-06-03,198.0
2022-06-10,225.0
2022-06-17,329.0
2022-06-24,268.0
2022-07-01,234.0
2022-07-08,190.0
2022-07-15,305.0
2022-07-22,416.0
2022-07-29,497.0
2022-08-05,428.0
2022-08-12,338.0
2022-08-19,341.0
2022-08-26,318.0
2022-09-02,424.0
2022-09-09,390.0
2022-09-16,286.0
2022-09-23,254.0
2022-09-30,302.0
2022-10-07,328.0
2022-10-14,236.0
2022-10-21,328.0
2022-10-28,280.0
2022-11-04,326.0
2022-11-11,212.0
2022-11-18,159.0
2022-11-25,216.0
2022-12-02,-35.0
2022-12-09,131.0
2022-12-16,52.0
2022-12-23,210.0
2022-12-30,114.0
2023-01-06,-40.0
2023-01-13,15.0
2023-01-20,-71.0
2023-01-27,-78.0
2023-02-03,-112.0
2023-02-10,53.0
2023-02-17,-80.0
2023-02-24,-9.0
2023-03-03,16.0
2023-03-10,106.0
2023-03-17,150.0
2023-03-24,292.0
2023-03-31,188.0
2023-04-07,302.0
2023-04-14,255.0
2023-04-21,422.0
2023-04-28,441.0
2023-05-05,448.0
2023-05-12,418.0
2023-05-19,377.0
2023-05-26,321.0
2023-06-02,221.0
2023-06-09,347.0
2023-06-16,177.0
2023-06-23,149.0
2023-06-30,243.0
2023-07-07,102.0
2023-07-14,203.0
2023-07-21,218.0
2023-07-28,329.0
2023-08-04,318.0
2023-08-11,168.0
2023-08-18,237.0
2023-08-25,200.0
2023-09-01,157.0
2023-09-08,150.0
2023-09-15,206.0
2023-09-22,238.0
2023-09-29,220.0
2023-10-06,203.0
2023-10-13,254.0
2023-10-20,191.0
2023-10-27,149.0
2024-05-31,93.0
2024-11-22,34.0
2023-12-29,-376.0
2025-01-17,-199.0
2024-04-26,316.0
2024-04-19,308.0
2024-07-19,336.0
2026-03-06,109.0
2026-02-20,83.0
2025-05-09,398.0
2023-12-15,-129.0
2026-02-06,-158.0
2024-10-25,359.0
2026-03-20,91.0
2025-09-26,123.0
2024-06-07,112.0
2026-02-27,26.0
2025-10-17,259.0
2024-11-29,-101.0
2026-05-01,399.0
2025-10-03,85.0
2025-05-02,275.0
2025-05-30,265.0
2026-05-15,297.0
2024-08-30,-2125.0
2025-10-10,-2368.0
2025-08-22,-2303.0
2024-08-02,-2776.0
2025-11-07,-2604.0
2025-05-23,-2210.0
2024-09-06,-2181.0
2026-05-29,-2514.0
2024-05-03,-2223.0
2025-09-19,-2639.0
2025-03-14,-2056.0
2026-05-22,-2532.0
2024-07-26,-2122.0
2024-06-28,-2523.0
2024-11-08,-2364.0
2024-02-23,-1743.0
2025-01-03,-2694.0
2025-07-25,-2209.0
2025-07-04,-2368.0
2024-07-05,-2410.0
2024-09-20,-2254.0
2024-09-27,-2168.0
2025-04-18,-2157.0
2024-04-12,-1866.0
2024-03-01,-1889.0
2025-08-15,-2121.0
2026-04-03,-2228.0
2024-02-16,-1740.0
2025-08-29,-2395.0
2026-03-13,-2266.0
2026-01-23,-2270.0
2025-12-19,-2515.0
2024-08-23,-2257.0
2026-03-27,-2331.0
2024-07-12,-2347.0
2025-05-16,-2320.0
2026-01-02,-2844.0
2024-10-04,-2370.0
2026-01-16,-2371.0
2026-01-09,-2758.0
2025-01-31,-2125.0
2024-02-02,-1812.0
2024-05-24,-2339.0
2024-10-11,-2094.0
2024-01-19,-2255.0
2024-01-26,-1932.0
2025-01-24,-2101.0
2024-01-12,-2268.0
2025-04-25,-2406.0
2024-06-14,-2211.0
2025-11-21,-2543.0
2024-09-13,-2348.0
2025-03-28,-2002.0
2024-05-10,-2224.0
2025-06-20,-2409.0
2025-02-14,-1930.0
2024-12-13,-2387.0
2024-12-06,-2592.0
2024-12-20,-2522.0
2025-12-26,-2629.0
2024-10-18,-2370.0
2024-12-27,-2503.0
2025-04-04,-2262.0
2023-12-22,-2094.0
2025-02-07,-2024.0
2025-12-12,-2742.0
2026-01-30,-2457.0
2024-03-29,-2163.0
2025-07-11,-2335.0
2026-02-13,-2041.0
2025-07-18,-2470.0
2024-04-05,-2364.0
2025-03-07,-2001.0
2025-06-13,-2315.0
2025-08-08,-2049.0
2024-11-15,-2164.0
2025-01-10,-2653.0
2025-08-01,-2302.0
2024-05-17,-2465.0
2023-12-08,-2244.0
2024-01-05,-2403.0
2025-04-11,-2173.0
2025-02-28,-1932.0
2025-06-27,-2325.0
2023-11-24,-2029.0
2023-12-01,-2254.0
2024-08-16,-2131.0
2024-06-21,-2421.0
2024-03-08,-1925.0
2024-03-22,-2242.0
2025-02-21,-1970.0
2025-11-14,-2525.0
2026-04-17,-2456.0
2024-11-01,-2334.0
2025-10-31,-2221.0
2025-09-05,-2384.0
2023-11-03,-2118.0
2023-11-10,-2412.0
2023-11-17,-2309.0
2026-04-24,-2339.0
2026-05-08,-2333.0
2025-03-21,-2157.0
2026-04-10,-2323.0
2025-12-05,-2702.0
2024-08-09,-2066.0
2025-11-28,-2495.0
2025-06-06,-2447.0
2024-03-15,-1873.0
2025-10-24,-2205.0
2025-09-12,-2400.0
2004-04-09,
2004-04-16,
2004-04-23,
2004-04-30,
2004-05-07,
2004-05-14,
2004-05-21,
2004-05-28,
2004-06-04,
2004-06-11,
2004-06-18,
2004-06-25,
2004-07-02,
2004-07-09,
2004-07-16,
2004-07-23,
2004-07-30,
2004-08-06,
2004-08-13,
2004-08-20,
2004-08-27,
2004-09-03,
2004-09-10,
2004-09-17,
2004-09-24,
2004-10-01,
2004-10-08,
2004-10-15,
2004-10-22,
2004-10-29,
2004-11-05,
2004-11-12,
2004-11-19,
2004-11-26,
2004-12-03,
2004-12-10,
2004-12-17,
2004-12-24,
2004-12-31,
2005-01-07,
2005-01-14,
2005-01-21,
2005-01-28,
2005-02-04,
2005-02-11,
2005-02-18,
2005-02-25,
2005-03-04,
2005-03-11,
2005-03-18,
2005-03-25,
2005-04-01,
2005-04-08,
2005-04-15,
2005-04-22,
2005-04-29,
2005-05-06,
2005-05-13,
2005-05-20,
2005-05-27,
2005-06-03,
2005-06-10,
2005-06-17,
2005-06-24,
2005-07-01,
2005-07-08,
2005-07-15,
2005-07-22,
2005-07-29,
2005-08-05,
2005-08-12,
2005-08-19,
2005-08-26,
2005-09-02,
2005-09-09,
2005-09-16,
2005-09-23,
2005-09-30,
2005-10-07,
2005-10-14,
2005-10-21,
2005-10-28,
2005-11-04,
2005-11-11,
2005-11-18,
2005-11-25,
2005-12-02,
2005-12-09,
2005-12-16,
2005-12-23,
2005-12-30,
2006-01-06,
2006-01-13,
2006-01-20,
2006-01-27,
2006-02-03,
2006-02-10,
2006-02-17,
2006-02-24,
2006-03-03,
2006-03-10,
2006-03-17,
2006-03-24,
2006-03-31,
2006-04-07,
2006-04-14,
2006-04-21,
2006-04-28,
2006-05-05,
2006-05-12,
2006-05-19,
2006-05-26,
2006-06-02,
2006-06-09,
2006-06-16,
2006-06-23,
2006-06-30,
2006-07-07,
2006-07-14,
2006-07-21,
2006-07-28,
2006-08-04,
2006-08-11,
2006-08-18,
2006-08-25,
2006-09-01,
2006-09-08,
2006-09-15,
2006-09-22,
2006-09-29,
2006-10-06,
2006-10-13,
2006-10-20,
2006-10-27,
2006-11-03,
2006-11-10,
2006-11-17,
2006-11-24,
2006-12-01,
2006-12-08,
2006-12-15,
2006-12-22,
2006-12-29,
2007-01-05,
2007-01-12,
2007-01-19,
2007-01-26,
2007-02-02,
2007-02-09,
2007-02-16,
2007-02-23,
2007-03-02,
2007-03-09,
2007-03-16,
2007-03-23,
2007-03-30,
2007-04-06,
2007-04-13,
2007-04-20,
2007-04-27,
2007-05-04,
2007-05-11,
2007-05-18,
2007-05-25,
2007-06-01,
2007-06-08,
2007-06-15,
2007-06-22,
2007-06-29,
2007-07-06,
2007-07-13,
2007-07-20,
2007-07-27,
2007-08-03,
2007-08-10,
2007-08-17,
2007-08-24,
2007-08-31,
2007-09-07,
2007-09-14,
2007-09-21,
2007-09-28,
2007-10-05,
2007-10-12,
2007-10-19,
2007-10-26,
2007-11-02,
2007-11-09,
2007-11-16,
2007-11-23,
2007-11-30,
2007-12-07,
2007-12-14,
2007-12-21,
2007-12-28,
2008-01-04,
2008-01-11,
2008-01-18,
2008-01-25,
2008-02-01,
2008-02-08,
2008-02-15,
2008-02-22,
2008-02-29,
2008-03-07,
2008-03-14,
2008-03-21,
2008-03-28,
2008-04-04,
2008-04-11,
2008-04-18,
2008-04-25,
2008-05-02,
2008-05-09,
2008-05-16,
2008-05-23,
2008-05-30,
2008-06-06,
2008-06-13,
2008-06-20,
2008-06-27,
2008-07-04,
2008-07-11,
2008-07-18,
2008-07-25,
2008-08-01,
2008-08-08,
2008-08-15,
2008-08-22,
2008-08-29,
2008-09-05,
2008-09-12,
2008-09-19,
2008-09-26,
2008-10-03,
2008-10-10,
2008-10-17,
2008-10-24,
2008-10-31,
2008-11-07,
2008-11-14,
2008-11-21,
2008-11-28,
2008-12-05,
2008-12-12,
2008-12-19,
2008-12-26,
2009-01-02,
2009-01-09,
2009-01-16,
2009-01-23,
2009-01-30,
2009-02-06,
2009-02-13,
2009-02-20,
2009-02-27,
2009-03-06,
2009-03-13,
2009-03-20,
2009-03-27,
2009-04-03,
2009-04-10,
2009-04-17,
2009-04-24,
2009-05-01,
2009-05-08,
2009-05-15,
2009-05-22,
2009-05-29,
2009-06-05,
2009-06-12,
2009-06-19,
2009-06-26,
2009-07-03,
2009-07-10,
2009-07-17,
2009-07-24,
2009-07-31,
2009-08-07,
2009-08-14,
2009-08-21,
2009-08-28,
2009-09-04,
2009-09-11,
2009-09-18,
2009-09-25,
2009-10-02,
2009-10-09,
2009-10-16,
2009-10-23,
2009-10-30,
2009-11-06,
2009-11-13,
2009-11-20,
2009-11-27,
2009-12-04,
2009-12-11,
2009-12-18,
2009-12-25,
2010-01-01,
2010-01-08,
2010-01-15,
2010-01-22,
2010-01-29,
2010-02-05,
2010-02-12,
2010-02-19,
2010-02-26,
2010-03-05,
2010-03-12,
2010-03-19,
2010-03-26,
2010-04-02,
2010-04-09,
2010-04-16,
2010-04-23,
2010-04-30,
2010-05-07,
2010-05-14,
2010-05-21,
2010-05-28,
2010-06-04,-1493.0
2010-06-11,-1528.0
2010-06-18,-1454.0
2010-06-25,-1581.0
2010-07-02,-1428.0
2010-07-09,-1354.0
2010-07-16,-1548.0
2010-07-23,-1426.0
2010-07-30,-1357.0
2010-08-06,-1344.0
2010-08-13,-1442.0
2010-08-20,-1235.0
2010-08-27,-1399.0
2010-09-03,-1416.0
2010-09-10,-1420.0
2010-09-17,-1461.0
2010-09-24,-1476.0
2010-10-01,-1450.0
2010-10-08,-1430.0
2010-10-15,-1575.0
2010-10-22,-1571.0
2010-10-29,-1671.0
2010-11-05,-1599.0
2010-11-12,-1625.0
2010-11-19,-1637.0
2010-11-26,-1732.0
2010-12-03,-1687.0
2010-12-10,-1506.0
2010-12-17,-1701.0
2010-12-24,-1565.0
2010-12-31,-1771.0
2011-01-07,-1611.0
2011-01-14,-1755.0
2011-01-21,-1631.0
2011-01-28,-1573.0
2011-02-04,-1589.0
2011-02-11,-1279.0
2011-02-18,-1381.0
2011-02-25,-1414.0
2011-03-04,-1332.0
2011-03-11,-1333.0
2011-03-18,-1334.0
2011-03-25,-1293.0
2011-04-01,-1541.0
2011-04-08,-1359.0
2011-04-15,-1610.0
2011-04-22,-1588.0
2011-04-29,-1646.0
2011-05-06,-1490.0
2011-05-13,-1398.0
2011-05-20,-1493.0
2011-05-27,-1599.0
2011-06-03,-1692.0
2011-06-10,-1821.0
2011-06-17,-1782.0
2011-06-24,-1684.0
2011-07-01,-1637.0
2011-07-08,-1681.0
2011-07-15,-1639.0
2011-07-22,-1723.0
2011-07-29,-2060.0
2011-08-05,-1719.0
2011-08-12,-1781.0
2011-08-19,-1875.0
2011-08-26,-1750.0
2011-09-02,-2018.0
2011-09-09,-2001.0
2011-09-16,-2053.0
2011-09-23,-1884.0
2011-09-30,-1677.0
2011-10-07,-1660.0
2011-10-14,-1484.0
2011-10-21,-1544.0
2011-10-28,-1706.0
2011-11-04,-1560.0
2011-11-11,-1854.0
2011-11-18,-1789.0
2011-11-25,-1614.0
2011-12-02,-1843.0
2011-12-09,-1764.0
2011-12-16,-1802.0
2011-12-23,-1692.0
2011-12-30,-1841.0
2012-01-06,-1895.0
2012-01-13,-1610.0
2012-01-20,-1402.0
2012-01-27,-1547.0
2012-02-03,-1768.0
2012-02-10,-1758.0
2012-02-17,-1671.0
2012-02-24,-1689.0
2012-03-02,-1722.0
2012-03-09,-1797.0
2012-03-16,-1603.0
2012-03-23,-1656.0
2012-03-30,-1625.0
2012-04-06,-1534.0
2012-04-13,-1910.0
2012-04-20,-1589.0
2012-04-27,-1926.0
2012-05-04,-1903.0
2012-05-11,-1903.0
2012-05-18,-1782.0
2012-05-25,-1819.0
2012-06-01,-2017.0
2012-06-08,-1883.0
2012-06-15,-1768.0
2012-06-22,-1981.0
2012-06-29,-1973.0
2012-07-06,-2031.0
2012-07-13,-1898.0
2012-07-20,-2067.0
2012-07-27,-2218.0
2012-08-03,-2152.0
2012-08-10,-1983.0
2012-08-17,-1863.0
2012-08-24,-1975.0
2012-08-31,-1707.0
2012-09-07,-1714.0
2012-09-14,-1994.0
2012-09-21,-2140.0
2012-09-28,-2017.0
2012-10-05,-2187.0
2012-10-12,-1984.0
2012-10-19,-1789.0
2012-10-26,-1973.0
2012-11-02,-2169.0
2012-11-09,-1931.0
2012-11-16,-1868.0
2012-11-23,-2124.0
2012-11-30,-2170.0
2012-12-07,-2099.0
2012-12-14,-2135.0
2012-12-21,-1885.0
2012-12-28,-1980.0
2013-01-04,-2302.0
2013-01-11,-2160.0
2013-01-18,-1719.0
2013-01-25,-1713.0
2013-02-01,-1689.0
2013-02-08,-1706.0
2013-02-15,-1634.0
2013-02-22,-1683.0
2013-03-01,-1873.0
2013-03-08,-1664.0
2013-03-15,-1997.0
2013-03-22,-1730.0
2013-03-29,-2153.0
2013-04-05,-2104.0
2013-04-12,-1920.0
2013-04-19,-1871.0
2013-04-26,-1819.0
2013-05-03,-1951.0
2013-05-10,-2049.0
2013-05-17,-2007.0
2013-05-24,-2010.0
2013-05-31,-2089.0
2013-06-07,-1944.0
2013-06-14,-2011.0
2013-06-21,-2062.0
2013-06-28,-2285.0
2013-07-05,-2086.0
2013-07-12,-2236.0
2013-07-19,-2157.0
2013-07-26,-2160.0
2013-08-02,-2094.0
2013-08-09,-2162.0
2013-08-16,-2038.0
2013-08-23,-2061.0
2013-08-30,-2157.0
2013-09-06,-2349.0
2013-09-13,-2227.0
2013-09-20,-2154.0
2013-09-27,-2283.0
2013-10-04,-2161.0
2013-10-11,-2015.0
2013-10-18,-2071.0
2013-10-25,-2020.0
2013-11-01,-2160.0
2013-11-08,-2029.0
2013-11-15,-1973.0
2013-11-22,-1974.0
2013-11-29,-2044.0
2013-12-06,-2047.0
2013-12-13,-2029.0
2013-12-20,-1910.0
2013-12-27,-2330.0
2014-01-03,-2276.0
2014-01-10,-2085.0
2014-01-17,-1804.0
2014-01-24,-1829.0
2014-01-31,-1843.0
2014-02-07,-1657.0
2014-02-14,-1891.0
2014-02-21,-1794.0
2014-02-28,-1676.0
2014-03-07,-1882.0
2014-03-14,-1862.0
2014-03-21,-1948.0
2014-03-28,-1978.0
2014-04-04,-2021.0
2014-04-11,-2000.0
2014-04-18,-2023.0
2014-04-25,-2174.0
2014-05-02,-1950.0
2014-05-09,-1789.0
2014-05-16,-1967.0
2014-05-23,-1892.0
2014-05-30,-1920.0
2014-06-06,-1725.0
2014-06-13,-1790.0
2014-06-20,-1872.0
2014-06-27,-1977.0
2014-07-04,-1886.0
2014-07-11,-1853.0
2014-07-18,-2055.0
2014-07-25,-2171.0
2014-08-01,-1911.0
2014-08-08,-1948.0
2014-08-15,-2010.0
2014-08-22,-1988.0
2014-08-29,-2078.0
2014-09-05,-2286.0
2014-09-12,-1868.0
2014-09-19,-1819.0
2014-09-26,-1887.0
2014-10-03,-2006.0
2014-10-10,-1786.0
2014-10-17,-1904.0
2014-10-24,-1820.0
2014-10-31,-2109.0
2014-11-07,-2339.0
2014-11-14,-2091.0
2014-11-21,-2172.0
2014-11-28,-2183.0
2014-12-05,-2174.0
2014-12-12,-2008.0
2014-12-19,-2012.0
2014-12-26,-2095.0
2015-01-02,-2214.0
2015-01-09,-2291.0
2015-01-16,-1924.0
2015-01-23,-1946.0
2015-01-30,-1828.0
2015-02-06,-1594.0
2015-02-13,-1968.0
2015-02-20,-1789.0
2015-02-27,-1928.0
2015-03-06,-1692.0
2015-03-13,-1827.0
2015-03-20,-1829.0
2015-03-27,-1620.0
2015-04-03,-1885.0
2015-04-10,-1665.0
2015-04-17,-1772.0
2015-04-24,-2060.0
2015-05-01,-2086.0
2015-05-08,-1871.0
2015-05-15,-2094.0
2015-05-22,-2010.0
2015-05-29,-1987.0
2015-06-05,-2110.0
2015-06-12,-2109.0
2015-06-19,-2293.0
2015-06-26,-2160.0
2015-07-03,-2120.0
2015-07-10,-2085.0
2015-07-17,-2093.0
2015-07-24,-2143.0
2015-07-31,-2329.0
2015-08-07,-2200.0
2015-08-14,-2165.0
2015-08-21,-2269.0
2015-08-28,-2110.0
2015-09-04,-1918.0
2015-09-11,-2009.0
2015-09-18,-2251.0
2015-09-25,-2342.0
2015-10-02,-2173.0
2015-10-09,-1917.0
2015-10-16,-2092.0
2015-10-23,-1990.0
2015-10-30,-2188.0
2015-11-06,-2107.0
2015-11-13,-1928.0
2015-11-20,-2182.0
2015-11-27,-2203.0
2015-12-04,-2370.0
2015-12-11,-2144.0
2015-12-18,-2461.0
2015-12-25,-2252.0
2016-01-01,-2514.0
2016-01-08,-2266.0
2016-01-15,-2155.0
2016-01-22,-1910.0
2016-01-29,-2040.0
2016-02-05,-1974.0
2016-02-12,-2183.0
2016-02-19,-2099.0
2016-02-26,-2078.0
2016-03-04,-1837.0
2016-03-11,-2068.0
2016-03-18,-2009.0
2016-03-25,-2180.0
2016-04-01,-2198.0
2016-04-08,-2086.0
2016-04-15,-2262.0
2016-04-22,-2381.0
2016-04-29,-2286.0
2016-05-06,-2129.0
2016-05-13,-2235.0
2016-05-20,-2307.0
2016-05-27,-2210.0
2016-06-03,-2391.0
2016-06-10,-2273.0
2016-06-17,-2375.0
2016-06-24,-2210.0
2016-07-01,-2178.0
2016-07-08,-2012.0
2016-07-15,-2304.0
2016-07-22,-2249.0
2016-07-29,-1993.0
2016-08-05,-2117.0
2016-08-12,-2108.0
2016-08-19,-2293.0
2016-08-26,-2034.0
2016-09-02,-1902.0
2016-09-09,-1960.0
2016-09-16,-2207.0
2016-09-23,-1951.0
2016-09-30,-2011.0
2016-10-07,-1794.0
2016-10-14,-1894.0
2016-10-21,-1951.0
2016-10-28,-2011.0
2016-11-04,-1902.0
2016-11-11,-2196.0
2016-11-18,-2265.0
2016-11-25,-2137.0
2016-12-02,-2056.0
2016-12-09,-2216.0
2016-12-16,-2049.0
2016-12-23,-2245.0
2016-12-30,-2636.0
2017-01-06,-2261.0
2017-01-13,-2311.0
2017-01-20,-2224.0
2017-01-27,-2256.0
2017-02-03,-1853.0
2017-02-10,-1946.0
2017-02-17,-2072.0
2017-02-24,-2086.0
2017-03-03,-1884.0
2017-03-10,-1899.0
2017-03-17,-2044.0
2017-03-24,-1967.0
2017-03-31,-2034.0
2017-04-07,-1947.0
2017-04-14,-2264.0
2017-04-21,-2322.0
2017-04-28,-2262.0
2017-05-05,-2133.0
2017-05-12,-2353.0
2017-05-19,-2291.0
2017-05-26,-2315.0
2017-06-02,-2406.0
2017-06-09,-2366.0
2017-06-16,-2316.0
2017-06-23,-2252.0
2017-06-30,-2280.0
2017-07-07,-2142.0
2017-07-14,-2235.0
2017-07-21,-2207.0
2017-07-28,-2229.0
2017-08-04,-2302.0
2017-08-11,-2250.0
2017-08-18,-2099.0
2017-08-25,-2290.0
2017-09-01,-1743.0
2017-09-08,-1091.0
2017-09-15,-1619.0
2017-09-22,-1932.0
2017-09-29,-1883.0
2017-10-06,-2132.0
2017-10-13,-1991.0
2017-10-20,-1932.0
2017-10-27,-1897.0
2017-11-03,-1894.0
2017-11-10,-2240.0
2017-11-17,-2042.0
2017-11-24,-1936.0
2017-12-01,-2209.0
2017-12-08,-2214.0
2017-12-15,-2139.0
2017-12-22,-2069.0
2017-12-29,-2274.0
2018-01-05,-2500.0
2018-01-12,-2157.0
2018-01-19,-2289.0
2018-01-26,-1939.0
2018-02-02,-2271.0
2018-02-09,-2002.0
2018-02-16,-1973.0
2018-02-23,-2112.0
2018-03-02,-1912.0
2018-03-09,-1810.0
2018-03-16,-1922.0
2018-03-23,-1809.0
2018-03-30,-1955.0
2018-04-06,-1948.0
2018-04-13,-2004.0
2018-04-20,-1984.0
2018-04-27,-1970.0
2018-05-04,-2049.0
2018-05-11,-1869.0
2018-05-18,-2163.0
2018-05-25,-2051.0
2018-06-01,-2157.0
2018-06-08,-2061.0
2018-06-15,-2298.0
2018-06-22,-2096.0
2018-06-29,-2100.0
2018-07-06,-2199.0
2018-07-13,-1949.0
2018-07-20,-2001.0
2018-07-27,-1839.0
2018-08-03,-2050.0
2018-08-10,-2254.0
2018-08-17,-2319.0
2018-08-24,-2194.0
2018-08-31,-2181.0
2018-09-07,-2095.0
2018-09-14,-2234.0
2018-09-21,-2174.0
2018-09-28,-2187.0
2018-10-05,-2209.0
2018-10-12,-2121.0
2018-10-19,-2247.0
2018-10-26,-2204.0
2018-11-02,-2195.0
2018-11-09,-2121.0
2018-11-16,-2268.0
2018-11-23,-2026.0
2018-11-30,-2401.0
2018-12-07,-2298.0
2018-12-14,-2208.0
2018-12-21,-2356.0
2018-12-28,-2501.0
2019-01-04,-2404.0
2019-01-11,-2260.0
2019-01-18,-1866.0
2019-01-25,-2053.0
2019-02-01,-1998.0
2019-02-08,-2265.0
2019-02-15,-1664.0
2019-02-22,-1895.0
2019-03-01,-2111.0
2019-03-08,-1826.0
2019-03-15,-1772.0
2019-03-22,-1721.0
2019-03-29,-1803.0
2019-04-05,-1658.0
2019-04-12,-1773.0
2019-04-19,-1865.0
2019-04-26,-2096.0
2019-05-03,-2033.0
2019-05-10,-1984.0
2019-05-17,-2157.0
2019-05-24,-2389.0
2019-05-31,-2197.0
2019-06-07,-2256.0
2019-06-14,-2177.0
2019-06-21,-2176.0
2019-06-28,-2400.0
2019-07-05,-2163.0
2019-07-12,-2255.0
2019-07-19,-2159.0
2019-07-26,-2340.0
2019-08-02,-2289.0
2019-08-09,-2249.0
2019-08-16,-2362.0
2019-08-23,-2069.0
2019-08-30,-2111.0
2019-09-06,-2124.0
2019-09-13,-2106.0
2019-09-20,-2308.0
2019-09-27,-2217.0
2019-10-04,-2268.0
2019-10-11,-1998.0
2019-10-18,-2067.0
2019-10-25,-2199.0
2019-11-01,-2059.0
2019-11-08,-2282.0
2019-11-15,-2274.0
2019-11-22,-2375.0
2019-11-29,-2607.0
2019-12-06,-2458.0
2019-12-13,-2365.0
2019-12-20,-2283.0
2019-12-27,-2111.0
2020-01-03,-2562.0
2020-01-10,-2289.0
2020-01-17,-2222.0
2020-01-24,-1976.0
2020-01-31,-1880.0
2020-02-07,-1827.0
2020-02-14,-2097.0
2020-02-21,-1775.0
2020-02-28,-1771.0
2020-03-06,-1625.0
2020-03-13,-1857.0
2020-03-20,-1700.0
2020-03-27,-1869.0
2020-04-03,-1988.0
2020-04-10,-1619.0
2020-04-17,-1606.0
2020-04-24,-1277.0
2020-05-01,-1405.0
2020-05-08,-1588.0
2020-05-15,-1722.0
2020-05-22,-1646.0
2020-05-29,-1821.0
2020-06-05,-1703.0
2020-06-12,-1820.0
2020-06-19,-1689.0
2020-06-26,-1849.0
2020-07-03,-1731.0
2020-07-10,-1805.0
2020-07-17,-1985.0
2020-07-24,-2049.0
2020-07-31,-2405.0
2020-08-07,-1863.0
2020-08-14,-1694.0
2020-08-21,-2067.0
2020-08-28,-1734.0
2020-09-04,-1445.0
2020-09-11,-1517.0
2020-09-18,-1824.0
2020-09-25,-1970.0
2020-10-02,-1939.0
2020-10-09,-2016.0
2020-10-16,-2142.0
2020-10-23,-1933.0
2020-10-30,-2227.0
2020-11-06,-2055.0
2020-11-13,-2041.0
2020-11-20,-1987.0
2020-11-27,-1945.0
2020-12-04,-1906.0
2020-12-11,-1853.0
2020-12-18,-1843.0
2020-12-25,-1838.0
2021-01-01,-1939.0
2021-01-08,-2183.0
2021-01-15,-1737.0
2021-01-22,-1941.0
2021-01-29,-2188.0
2021-02-05,-2034.0
2021-02-12,-1983.0
2021-02-19,-1498.0
2021-02-26,-354.0
2021-03-05,-1096.0
2021-03-12,-1541.0
2021-03-19,-1807.0
2021-03-26,-1691.0
2021-04-02,-1813.0
2021-04-09,-1718.0
2021-04-16,-1937.0
2021-04-23,-1809.0
2021-04-30,-1880.0
2021-05-07,-2135.0
2021-05-14,-1909.0
2021-05-21,-2163.0
2021-05-28,-2041.0
2021-06-04,-2275.0
2021-06-11,-2188.0
2021-06-18,-1898.0
2021-06-25,-1957.0
2021-07-02,-1751.0
2021-07-09,-2133.0
2021-07-16,-1923.0
2021-07-23,-1878.0
2021-07-30,-2119.0
2021-08-06,-2318.0
2021-08-13,-2226.0
2021-08-20,-2049.0
2021-08-27,-2149.0
2021-09-03,-1632.0
2021-09-10,-1630.0
2021-09-17,-2005.0
2021-09-24,-2328.0
2021-10-01,-2273.0
2021-10-08,-2288.0
2021-10-15,-1990.0
2021-10-22,-2319.0
2021-10-29,-2376.0
2021-11-05,-2416.0
2021-11-12,-2419.0
2021-11-19,-2386.0
2021-11-26,-2439.0
2021-12-03,-2508.0
2021-12-10,-1953.0
2021-12-17,-2441.0
2021-12-24,-2366.0
2021-12-31,-2346.0
2022-01-07,-2420.0
2022-01-14,-2174.0
2022-01-21,-2070.0
2022-01-28,-2001.0
2022-02-04,-1907.0
2022-02-11,-1806.0
2022-02-18,-1906.0
2022-02-25,-1976.0
2022-03-04,-1838.0
2022-03-11,-1989.0
2022-03-18,-1903.0
2022-03-25,-2094.0
2022-04-01,-2169.0
2022-04-08,-1949.0
2022-04-15,-2434.0
2022-04-22,-2065.0
2022-04-29,-1749.0
2022-05-06,-1855.0
2022-05-13,-1968.0
2022-05-20,-1981.0
2022-05-27,-2073.0
2022-06-03,-2100.0
2022-06-10,-2217.0
2022-06-17,-2242.0
2022-06-24,-2327.0
2022-07-01,-2210.0
2022-07-08,-2152.0
2022-07-15,-2332.0
2022-07-22,-2441.0
2022-07-29,-2247.0
2022-08-05,-2204.0
2022-08-12,-2115.0
2022-08-19,-2185.0
2022-08-26,-2154.0
2022-09-02,-2216.0
2022-09-09,-2294.0
2022-09-16,-2085.0
2022-09-23,-2277.0
2022-09-30,-2464.0
2022-10-07,-2436.0
2022-10-14,-2015.0
2022-10-21,-2106.0
2022-10-28,-2110.0
2022-11-04,-2370.0
2022-11-11,-2185.0
2022-11-18,-2191.0
2022-11-25,-2180.0
2022-12-02,-2460.0
2022-12-09,-2520.0
2022-12-16,-2415.0
2022-12-23,-2177.0
2022-12-30,-1722.0
2023-01-06,-1962.0
2023-01-13,-2138.0
2023-01-20,-2333.0
2023-01-27,-2480.0
2023-02-03,-2665.0
2023-02-10,-2202.0
2023-02-17,-2508.0
2023-02-24,-2143.0
2023-03-03,-2030.0
2023-03-10,-2295.0
2023-03-17,-1695.0
2023-03-24,-2033.0
2023-03-31,-2251.0
2023-04-07,-2185.0
2023-04-14,-2272.0
2023-04-21,-2256.0
2023-04-28,-2258.0
2023-05-05,-2415.0
2023-05-12,-2269.0
2023-05-19,-2375.0
2023-05-26,-2149.0
2023-06-02,-2598.0
2023-06-09,-2342.0
2023-06-16,-2234.0
2023-06-23,-2515.0
2023-06-30,-2168.0
2023-07-07,-2029.0
2023-07-14,-2212.0
2023-07-21,-2093.0
2023-07-28,-2042.0
2023-08-04,-2148.0
2023-08-11,-2035.0
2023-08-18,-2224.0
2023-08-25,-1943.0
2023-09-01,-2058.0
2023-09-08,-2016.0
2023-09-15,-1950.0
2023-09-22,-2079.0
2023-09-29,-2089.0
2023-10-06,-2090.0
2023-10-13,-2278.0
2023-10-20,-2168.0
2023-10-27,-2265.0
2024-05-31,-2484.0
2024-11-22,-2434.0
2025-01-17,-2392.0
2023-12-29,-2645.0
2024-04-26,-1708.0
2024-04-19,-1743.0
2024-07-19,-1988.0
2026-03-06,-2248.0
2026-03-20,-2423.0
2023-12-15,-2136.0
2024-10-25,-2244.0
2025-05-09,-2381.0
2024-02-09,-1727.0
2026-02-06,-2274.0
2025-09-26,-2551.0
2024-06-07,-2384.0
2026-02-20,-2317.0
2026-02-27,-2122.0
2024-11-29,-2314.0
2025-10-17,-2107.0
2025-05-02,-2433.0
2026-05-01,-2443.0
2025-05-30,-2641.0
2026-05-15,-2358.0
2025-10-03,-2245.0
2025-10-10,16.0
2025-11-07,-17.0
2024-09-06,52.0
2025-05-23,50.0
2025-09-19,50.0
2024-08-02,79.0
2026-05-29,8.0
2024-05-03,17.0
2025-08-22,35.0
2024-08-30,71.0
2024-07-26,114.0
2025-03-14,86.0
2026-05-22,41.0
2024-11-08,45.0
2025-01-03,29.0
2024-03-01,47.0
2024-02-23,64.0
2024-07-05,73.0
2025-07-25,50.0
2025-04-18,67.0
2024-09-20,10.0
2024-09-27,45.0
2025-07-04,66.0
2024-06-28,77.0
2024-04-12,41.0
2026-01-16,-25.0
2025-01-31,31.0
2026-04-03,29.0
2026-03-27,42.0
2026-01-09,-38.0
2026-01-23,-41.0
2024-10-04,64.0
2024-02-16,33.0
2024-07-12,89.0
2025-08-29,33.0
2026-03-13,29.0
2025-12-19,-9.0
2024-08-23,77.0
2025-08-15,37.0
2026-01-02,-54.0
2025-05-16,60.0
2024-01-26,48.0
2024-01-12,6.0
2024-02-09,3.0
2024-10-11,72.0
2024-01-19,5.0
2024-05-24,74.0
2025-01-24,23.0
2025-04-25,73.0
2024-02-02,-5.0
2024-09-13,58.0
2024-10-18,56.0
2025-02-07,30.0
2024-05-10,23.0
2025-11-21,-53.0
2024-06-14,59.0
2024-12-27,50.0
2023-12-22,61.0
2024-12-13,53.0
2025-06-20,41.0
2025-02-14,47.0
2025-03-28,52.0
2025-12-26,30.0
2025-04-04,15.0
2024-12-20,71.0
2025-12-12,-34.0
2024-12-06,0.0
2026-01-30,-11.0
2026-02-13,-23.0
2024-04-05,-1.0
2025-07-11,71.0
2024-03-29,60.0
2025-03-07,64.0
2024-11-15,31.0
2025-07-18,67.0
2025-01-10,6.0
2025-08-08,35.0
2025-06-13,19.0
2025-08-01,38.0
2023-12-08,40.0
2025-06-27,62.0
2025-04-11,57.0
2025-02-28,38.0
2024-05-17,104.0
2024-01-05,33.0
2025-11-28,-54.0
2023-11-24,28.0
2024-08-09,78.0
2023-12-01,20.0
2025-06-06,8.0
2024-03-15,55.0
2024-03-08,85.0
2025-02-21,26.0
2023-11-17,36.0
2026-05-08,78.0
2024-11-01,43.0
2025-09-05,44.0
2024-06-21,57.0
2025-03-21,73.0
2026-04-17,56.0
2024-03-22,51.0
2025-11-14,28.0
2026-04-10,16.0
2025-10-24,19.0
2023-11-03,24.0
2023-11-10,40.0
2025-10-31,-29.0
2026-04-24,62.0
2025-12-05,39.0
2024-08-16,80.0
2025-09-12,55.0
2004-04-09,
2004-04-16,
2004-04-23,
2004-04-30,
2004-05-07,
2004-05-14,
2004-05-21,
2004-05-28,
2004-06-04,
2004-06-11,
2004-06-18,
2004-06-25,
2004-07-02,
2004-07-09,
2004-07-16,
2004-07-23,
2004-07-30,
2004-08-06,
2004-08-13,
2004-08-20,
2004-08-27,
2004-09-03,
2004-09-10,
2004-09-17,
2004-09-24,
2004-10-01,
2004-10-08,
2004-10-15,
2004-10-22,
2004-10-29,
2004-11-05,
2004-11-12,
2004-11-19,
2004-11-26,
2004-12-03,
2004-12-10,
2004-12-17,
2004-12-24,
2004-12-31,
2005-01-07,
2005-01-14,
2005-01-21,
2005-01-28,
2005-02-04,
2005-02-11,
2005-02-18,
2005-02-25,
2005-03-04,
2005-03-11,
2005-03-18,
2005-03-25,
2005-04-01,
2005-04-08,
2005-04-15,
2005-04-22,
2005-04-29,
2005-05-06,
2005-05-13,
2005-05-20,
2005-05-27,
2005-06-03,
2005-06-10,
2005-06-17,
2005-06-24,
2005-07-01,
2005-07-08,
2005-07-15,
2005-07-22,
2005-07-29,
2005-08-05,
2005-08-12,
2005-08-19,
2005-08-26,
2005-09-02,
2005-09-09,
2005-09-16,
2005-09-23,
2005-09-30,
2005-10-07,
2005-10-14,
2005-10-21,
2005-10-28,
2005-11-04,
2005-11-11,
2005-11-18,
2005-11-25,
2005-12-02,
2005-12-09,
2005-12-16,
2005-12-23,
2005-12-30,
2006-01-06,
2006-01-13,
2006-01-20,
2006-01-27,
2006-02-03,
2006-02-10,
2006-02-17,
2006-02-24,
2006-03-03,
2006-03-10,
2006-03-17,
2006-03-24,
2006-03-31,
2006-04-07,
2006-04-14,
2006-04-21,
2006-04-28,
2006-05-05,
2006-05-12,
2006-05-19,
2006-05-26,
2006-06-02,
2006-06-09,
2006-06-16,
2006-06-23,
2006-06-30,
2006-07-07,
2006-07-14,
2006-07-21,
2006-07-28,
2006-08-04,
2006-08-11,
2006-08-18,
2006-08-25,
2006-09-01,
2006-09-08,
2006-09-15,
2006-09-22,
2006-09-29,
2006-10-06,
2006-10-13,
2006-10-20,
2006-10-27,
2006-11-03,
2006-11-10,
2006-11-17,
2006-11-24,
2006-12-01,
2006-12-08,
2006-12-15,
2006-12-22,
2006-12-29,
2007-01-05,
2007-01-12,
2007-01-19,
2007-01-26,
2007-02-02,
2007-02-09,
2007-02-16,
2007-02-23,
2007-03-02,
2007-03-09,
2007-03-16,
2007-03-23,
2007-03-30,
2007-04-06,
2007-04-13,
2007-04-20,
2007-04-27,
2007-05-04,
2007-05-11,
2007-05-18,
2007-05-25,
2007-06-01,
2007-06-08,
2007-06-15,
2007-06-22,
2007-06-29,
2007-07-06,
2007-07-13,
2007-07-20,
2007-07-27,
2007-08-03,
2007-08-10,
2007-08-17,
2007-08-24,
2007-08-31,
2007-09-07,
2007-09-14,
2007-09-21,
2007-09-28,
2007-10-05,
2007-10-12,
2007-10-19,
2007-10-26,
2007-11-02,
2007-11-09,
2007-11-16,
2007-11-23,
2007-11-30,
2007-12-07,
2007-12-14,
2007-12-21,
2007-12-28,
2008-01-04,
2008-01-11,
2008-01-18,
2008-01-25,
2008-02-01,
2008-02-08,
2008-02-15,
2008-02-22,
2008-02-29,
2008-03-07,
2008-03-14,
2008-03-21,
2008-03-28,
2008-04-04,
2008-04-11,
2008-04-18,
2008-04-25,
2008-05-02,
2008-05-09,
2008-05-16,
2008-05-23,
2008-05-30,
2008-06-06,
2008-06-13,
2008-06-20,
2008-06-27,
2008-07-04,
2008-07-11,
2008-07-18,
2008-07-25,
2008-08-01,
2008-08-08,
2008-08-15,
2008-08-22,
2008-08-29,
2008-09-05,
2008-09-12,
2008-09-19,
2008-09-26,
2008-10-03,
2008-10-10,
2008-10-17,
2008-10-24,
2008-10-31,
2008-11-07,
2008-11-14,
2008-11-21,
2008-11-28,
2008-12-05,
2008-12-12,
2008-12-19,
2008-12-26,
2009-01-02,
2009-01-09,
2009-01-16,
2009-01-23,
2009-01-30,
2009-02-06,
2009-02-13,
2009-02-20,
2009-02-27,
2009-03-06,
2009-03-13,
2009-03-20,
2009-03-27,
2009-04-03,
2009-04-10,
2009-04-17,
2009-04-24,
2009-05-01,
